Player,Age,Ht,YearInLeague,CumulativeG,CumulativeMP,CumulativeORB,CumulativeDRB,CumulativeAST,CumulativeSTL,CumulativeBLK,CumulativeDWS,Last2DWS
Aaron Brooks,1.656182351,-2.051084496,1.091468629,1.052502977,0.551016694,-0.201171645,-0.184913289,0.863333666,0.257991144,-0.287474687,0.01197367,-0.843316663
Aaron Gordon,-0.979863513,0.618511286,-0.291001409,-0.17784868,-0.1371855,0.071521897,0.034723314,-0.268967677,-0.184759999,-0.021209197,-0.173267016,0.681539779
Aaron Harrison,-0.74022298,-0.271353975,-0.521413082,-0.912194695,-0.820361263,-0.651390511,-0.745340879,-0.599158394,-0.724630748,-0.589242243,-0.728989074,-1.040072333
Aaron Jackson,1.176901285,-0.864597482,-0.982236428,-1.021702434,-0.852614196,-0.662371459,-0.76872155,-0.61064995,-0.767477633,-0.596342656,-0.755452029,-1.138450168
Abdel Nader,-0.500582447,-0.271353975,-0.982236428,-0.870324089,-0.801616864,-0.642239721,-0.728336755,-0.591497356,-0.724630748,-0.560840591,-0.684884148,-0.351427488
Adreian Payne,-0.021301381,0.91513304,-0.291001409,-0.680295953,-0.709360909,-0.521449293,-0.602222835,-0.560853206,-0.638936978,-0.500487079,-0.684884148,-1.040072333
Al Horford,1.176901285,0.91513304,1.321880301,1.287622534,1.637249402,2.216467066,2.464187544,1.123808941,0.880699204,2.460385173,2.305429783,2.058829468
Al Jefferson,1.656182351,0.91513304,2.01311532,1.922123257,1.897681364,3.093112745,3.223705087,0.420525698,1.026378612,3.28403309,2.217219933,-0.203860736
Al-Farouq Aminu,0.218339152,0.618511286,0.630645283,0.872137289,0.671755758,0.842018412,1.107400142,-0.057523042,0.869273368,0.635579013,0.735294444,1.419373541
Alan Williams,-0.260941914,0.321889533,-0.521413082,-0.825232667,-0.767688454,-0.462884238,-0.598680309,-0.583836319,-0.664645109,-0.461434808,-0.649600208,-0.646560993
Alec Burks,-0.021301381,-0.271353975,0.40023361,0.150674537,-0.052364475,-0.256076384,-0.170743186,-0.1509877,-0.136200196,-0.404631503,-0.261476866,0.091272769
Alec Peters,-0.979863513,0.618511286,-0.982236428,-0.960506933,-0.832717906,-0.651390511,-0.748883405,-0.602222809,-0.761764715,-0.589242243,-0.755452029,-1.138450168
Alex Abrines,-0.500582447,-0.271353975,-0.751824755,-0.564346582,-0.6270531,-0.585504823,-0.658903249,-0.559320998,-0.553243209,-0.539539351,-0.587853313,-0.203860736
Alex Caruso,-0.74022298,-0.567975728,-0.982236428,-0.905753063,-0.797428171,-0.638579405,-0.734004797,-0.553958272,-0.701779076,-0.560840591,-0.702526119,-0.548183158
Alex Len,-0.500582447,1.804998301,-0.060589736,0.054050062,-0.159280854,0.596777241,0.282700123,-0.412995182,-0.364716916,0.624928393,-0.11152012,0.337217356
Alex Poythress,-0.500582447,0.025267779,-0.751824755,-0.925077958,-0.828948083,-0.633088931,-0.74959191,-0.606053327,-0.750338879,-0.585692036,-0.737810059,-1.040072333
Alfonzo McKinnie,-0.260941914,0.321889533,-0.982236428,-0.979831828,-0.850729284,-0.664201617,-0.765179024,-0.61064995,-0.764621174,-0.592792449,-0.746631044,-1.040072333
Allen Crabbe,-0.260941914,-0.271353975,-0.060589736,-0.055457677,-0.087758928,-0.51595882,-0.226715094,-0.339449222,-0.23903272,-0.287474687,-0.358507702,0.042083852
Amir Johnson,0.937260752,0.618511286,1.782703647,1.612924935,1.0070606,2.401313023,1.26327128,0.164647046,0.683603534,2.336127944,1.220448622,0.878295449
Andre Drummond,-0.500582447,1.211754794,0.169821937,0.466314491,0.616465015,3.332863442,2.069550164,-0.217638726,0.917833171,1.913653366,1.590929994,4.272330754
Andre Iguodala,1.895822884,-0.271353975,2.01311532,2.324725239,2.856577817,1.147654797,2.339490634,2.916491717,3.808569668,1.182310819,3.152244348,1.075051118
Andre Ingram,1.416541818,-1.161219235,-0.982236428,-1.018481618,-0.849577394,-0.664201617,-0.765887529,-0.606053327,-0.758908256,-0.585692036,-0.746631044,-1.040072333
Andre Roberson,-0.021301381,0.025267779,-0.060589736,-0.074782573,-0.15980444,-0.029136793,-0.174285712,-0.41452739,-0.01337246,0.095947619,-0.032131255,1.025862201
Andrew Bogut,1.656182351,1.508376547,1.782703647,1.210322953,1.209583887,2.522103451,2.287769757,0.564553203,0.486507863,3.248531024,1.996695307,-0.498994241
Andrew Harrison,-0.74022298,-0.271353975,-0.751824755,-0.61265882,-0.56307082,-0.581844507,-0.612850412,-0.324127147,-0.507539865,-0.429482949,-0.561390358,-0.056293983
Andrew White,-0.500582447,0.025267779,-0.982236428,-0.976611012,-0.834393383,-0.658711143,-0.7481749,-0.606819431,-0.758908256,-0.592792449,-0.746631044,-1.040072333
Andrew Wiggins,-0.979863513,0.321889533,-0.291001409,0.028283535,0.383678424,0.108125056,-0.111937257,-0.088167192,0.195149046,0.032043901,-0.473180507,0.091272769
Ante Zizic,-1.219504046,1.211754794,-0.982236428,-0.921857142,-0.833869797,-0.622107983,-0.743923869,-0.607585535,-0.761764715,-0.550189971,-0.737810059,-0.941694498
Anthony Brown,-0.260941914,0.025267779,-0.521413082,-0.8928698,-0.776484708,-0.634919089,-0.708498611,-0.589965149,-0.713204912,-0.575041417,-0.728989074,-1.040072333
Anthony Davis,-0.500582447,0.91513304,0.169821937,0.295611251,0.636780175,1.226351591,1.497786491,-0.026112788,0.80643127,2.90416099,1.238090592,3.780441579
Anthony Tolliver,1.416541818,0.321889533,1.091468629,0.904345447,0.415721923,0.236236116,0.351425125,-0.182397953,-0.101922689,0.046244727,0.047257611,-0.007105066
Antonio Blakeney,-1.219504046,-0.864597482,-0.982236428,-0.963727748,-0.823398065,-0.658711143,-0.748883405,-0.596093979,-0.74748242,-0.592792449,-0.746631044,-1.040072333
Antonius Cleveland,-0.74022298,-0.271353975,-0.982236428,-0.97016938,-0.843399072,-0.660541301,-0.761636498,-0.609883846,-0.74748242,-0.578591623,-0.737810059,-0.941694498
Aron Baynes,1.176901285,0.91513304,0.169821937,0.186103512,-0.266197232,0.357026544,0.000715065,-0.419890116,-0.541817373,0.024943488,-0.04095224,0.829106531
Arron Afflalo,1.416541818,-0.567975728,1.321880301,1.429338432,1.324877651,-0.054759005,0.535636469,0.450403745,0.206574882,-0.095763534,0.091362536,-0.941694498
Austin Rivers,-0.260941914,-0.864597482,0.169821937,0.289169619,0.179898529,-0.413469972,-0.281978498,0.144728348,0.058039015,-0.358478818,-0.305581791,-0.007105066
Avery Bradley,0.218339152,-1.457840989,0.630645283,0.453431228,0.510491093,-0.122474851,-0.002118955,-0.000831364,0.652182485,-0.259073035,0.417738983,0.435595191
Bam Adebayo,-1.45914458,0.91513304,-0.982236428,-0.802686956,-0.713026015,-0.450073132,-0.583093195,-0.534039575,-0.676070945,-0.450784188,-0.587853313,0.730728696
Ben McLemore,-0.500582447,-0.567975728,-0.060589736,0.099141484,0.040833935,-0.353074758,-0.258597827,-0.302676242,-0.079071017,-0.354928611,-0.437896567,-0.548183158
Ben Moore,-0.979863513,0.025267779,-0.982236428,-1.018481618,-0.855336846,-0.666031775,-0.76872155,-0.61064995,-0.767477633,-0.596342656,-0.755452029,-1.138450168
Ben Simmons,-1.219504046,0.91513304,-0.982236428,-0.764037165,-0.570191598,-0.400658866,-0.405258397,-0.105021474,-0.367573375,-0.347828198,-0.314402776,3.780441579
Bismack Biyombo,-0.260941914,0.618511286,0.40023361,0.678888337,0.301056463,1.262954751,0.901933643,-0.416059597,-0.373286293,2.108914726,0.453022923,0.779917614
Blake Griffin,0.457979686,0.91513304,0.630645283,0.678888337,1.084865565,1.581402242,1.798192684,1.141429327,0.646469567,0.419016414,1.202806652,0.927484366
Boban Marjanovic,0.697620219,2.398241808,-0.521413082,-0.61265882,-0.737110998,-0.36039539,-0.556169999,-0.571578658,-0.687496781,-0.433033155,-0.561390358,-0.646560993
Bobby Brown,1.656182351,-1.457840989,-0.291001409,-0.516034345,-0.679516474,-0.623938141,-0.712749642,-0.435212191,-0.650362814,-0.58214183,-0.737810059,-1.08926125
Bobby Portis,-0.979863513,1.211754794,-0.521413082,-0.383980895,-0.464112957,-0.012665371,-0.221047053,-0.450534266,-0.507539865,-0.39753109,-0.402612627,0.189650604
Bogdan Bogdanovic,-0.260941914,-0.271353975,-0.982236428,-0.773699613,-0.628519142,-0.609296877,-0.633397062,-0.413761286,-0.561812586,-0.539539351,-0.658421193,-0.056293983
Bojan Bogdanovic,0.457979686,0.321889533,-0.291001409,-0.000703808,0.035493352,-0.386017602,-0.158698598,-0.307272865,-0.333295867,-0.493386666,-0.473180507,0.091272769
Bradley Beal,-0.500582447,-0.567975728,0.169821937,0.282727987,0.583688496,-0.100512955,0.085735686,0.442742707,0.460799732,-0.124165186,0.320708147,0.878295449
Brandan Wright,0.937260752,0.91513304,1.091468629,0.353585936,-0.12859868,0.406440809,-0.079346019,-0.458961407,-0.201898753,0.912495123,-0.07623618,-0.646560993
Brandon Ingram,-1.45914458,0.618511286,-0.751824755,-0.580450662,-0.410811844,-0.45190329,-0.405966903,-0.308038968,-0.496114029,-0.315876339,-0.534927403,0.091272769
Brandon Jennings,0.457979686,-1.754462743,0.861056956,0.76262955,0.907579151,-0.063909795,0.172881822,1.802576864,1.172058021,-0.248422415,0.532411788,-0.597372075
Brandon Paul,-0.021301381,-0.864597482,-0.982236428,-0.818791035,-0.795962129,-0.655050827,-0.725502735,-0.583070215,-0.696066158,-0.57149121,-0.684884148,-0.351427488
Briante Weber,-0.260941914,-1.457840989,-0.521413082,-0.879986536,-0.792297023,-0.622107983,-0.725502735,-0.562385413,-0.656075732,-0.564390797,-0.684884148,-0.843316663
Brice Johnson,-0.74022298,0.91513304,-0.751824755,-0.957286117,-0.845074549,-0.647730195,-0.752425931,-0.609117742,-0.736056584,-0.57149121,-0.737810059,-1.040072333
Brook Lopez,0.697620219,1.508376547,1.091468629,1.023515634,1.222673552,2.189014696,1.171165607,0.149324971,0.255134685,3.202378339,0.805862325,0.681539779
Bruno Caboclo,-0.979863513,0.618511286,-0.291001409,-0.912194695,-0.833974514,-0.640409563,-0.753842941,-0.60452112,-0.74748242,-0.57149121,-0.737810059,-1.040072333
Bryn Forbes,-0.500582447,-1.161219235,-0.751824755,-0.651308611,-0.6675787,-0.640409563,-0.68511794,-0.532507367,-0.684640322,-0.589242243,-0.623137253,-0.400616406
Buddy Hield,-0.500582447,-0.864597482,-0.751824755,-0.503151081,-0.446625166,-0.501317556,-0.425096542,-0.399971418,-0.416133177,-0.486286253,-0.508464447,0.238839521
C.J. Miles,0.937260752,-0.271353975,1.782703647,1.503417196,0.846947826,-0.032797109,0.334421001,0.052029794,0.846421696,0.23795588,0.585337699,0.288028439
C.J. Williams,0.218339152,-0.567975728,-0.982236428,-0.902532247,-0.78224416,-0.644069879,-0.738255828,-0.578473592,-0.678927404,-0.550189971,-0.711347104,-0.646560993
Caleb Swanigan,-1.45914458,0.321889533,-0.982236428,-0.937961222,-0.836487729,-0.638579405,-0.741798354,-0.600690601,-0.753195338,-0.585692036,-0.728989074,-0.843316663
Cameron Payne,-0.74022298,-1.161219235,-0.521413082,-0.660971058,-0.673861739,-0.611127035,-0.647567166,-0.399971418,-0.55038675,-0.528888732,-0.614316268,-0.744938828
Caris LeVert,-0.74022298,0.025267779,-0.751824755,-0.61265882,-0.531550908,-0.526939767,-0.505866132,-0.29807962,-0.393281505,-0.48983646,-0.526106418,0.140461687
Carmelo Anthony,1.656182351,0.321889533,2.243526993,2.369816661,3.105700309,2.644724036,2.826233686,1.809471798,2.308928698,1.249764744,2.278966828,0.829106531
Cedi Osman,-0.979863513,0.321889533,-0.982236428,-0.828453483,-0.785909266,-0.631258773,-0.697871033,-0.5800058,-0.704635535,-0.585692036,-0.720168089,-0.744938828
Chandler Parsons,0.697620219,0.91513304,0.40023361,0.295611251,0.473211729,-0.023646319,0.324501928,0.273433778,0.343684914,-0.078012501,0.197214356,-0.597372075
Channing Frye,1.895822884,1.211754794,1.552291974,1.72565349,1.178482845,0.730378774,1.488575924,0.035175512,0.520785371,1.303017842,0.84996725,-0.154671818
Charles Cooke,-0.74022298,-0.567975728,-0.982236428,-0.983052644,-0.852300044,-0.666031775,-0.768013045,-0.61064995,-0.764621174,-0.596342656,-0.755452029,-1.138450168
Cheick Diallo,-1.219504046,0.618511286,-0.751824755,-0.802686956,-0.774599796,-0.537920715,-0.617809949,-0.593795667,-0.724630748,-0.496936873,-0.658421193,-0.597372075
Chinanu Onuaku,-1.219504046,0.91513304,-0.751824755,-1.005598355,-0.848530221,-0.660541301,-0.761636498,-0.608351639,-0.758908256,-0.592792449,-0.746631044,-1.08926125
Chris Boucher,-0.260941914,0.91513304,-0.982236428,-1.021702434,-0.856174585,-0.666031775,-0.76872155,-0.611416054,-0.767477633,-0.596342656,-0.755452029,-1.138450168
Chris McCullough,-0.979863513,1.211754794,-0.521413082,-0.834895114,-0.80056969,-0.590995297,-0.719126188,-0.599924497,-0.681783863,-0.528888732,-0.702526119,-1.040072333
Chris Paul,1.416541818,-2.051084496,1.782703647,1.848044493,2.441583098,0.441213811,1.633819484,6.059815405,4.968292017,-0.227121176,3.002287602,1.468562458
CJ McCollum,-0.021301381,-1.161219235,-0.060589736,0.073374957,0.185448547,-0.334773178,-0.183496279,0.146260556,0.098029441,-0.205819937,-0.102699135,0.976673284
Clint Capela,-0.74022298,0.91513304,-0.291001409,-0.290577235,-0.317403999,0.474156655,0.105573831,-0.473517378,-0.333295867,0.529072817,-0.014489285,1.911262715
Cody Zeller,-0.260941914,1.508376547,-0.060589736,-0.020028703,-0.120221295,0.349705912,0.078650634,-0.31033728,-0.176190622,0.227305261,0.126646476,0.288028439
Cole Aldrich,0.697620219,1.211754794,0.630645283,0.066933325,-0.501392322,-0.054759005,-0.204751434,-0.471219067,-0.376142751,0.230855467,-0.243834896,-0.744938828
Corey Brewer,1.176901285,0.618511286,1.321880301,1.496975564,1.054392827,0.404610651,0.376931311,0.314803381,2.051847389,0.16695175,0.682368534,0.238839521
Cory Joseph,-0.021301381,-1.161219235,0.40023361,0.411560621,0.116858706,-0.2597367,-0.158698598,0.280328712,0.123737572,-0.280374274,0.056078596,0.681539779
Courtney Lee,1.416541818,-0.567975728,1.091468629,1.400351089,1.360062669,-0.029136793,0.430069199,0.387583237,1.431995789,0.127899478,0.79704134,-0.007105066
Cristiano Felicio,-0.260941914,0.91513304,-0.521413082,-0.53535924,-0.61145022,-0.23228433,-0.47965144,-0.5187175,-0.633224061,-0.450784188,-0.561390358,-0.253049653
D.J. Augustin,0.937260752,-2.051084496,1.091468629,1.313389061,0.939622649,-0.303660492,0.024095736,1.516820165,0.477938486,-0.507587493,0.214856327,-0.498994241
D.J. Wilson,-1.219504046,0.91513304,-0.982236428,-0.954065301,-0.848844373,-0.662371459,-0.763762014,-0.609117742,-0.758908256,-0.592792449,-0.746631044,-1.040072333
D'Angelo Russell,-1.219504046,-0.567975728,-0.521413082,-0.409747421,-0.300858663,-0.468374712,-0.361331077,0.015256814,-0.150482491,-0.433033155,-0.526106418,-0.203860736
Dakari Johnson,-0.979863513,1.508376547,-0.982236428,-0.925077958,-0.839419814,-0.636749247,-0.756676962,-0.605287224,-0.750338879,-0.567941004,-0.737810059,-0.941694498
Damian Jones,-0.979863513,1.508376547,-0.751824755,-0.944402853,-0.838058489,-0.640409563,-0.753134436,-0.609883846,-0.761764715,-0.57149121,-0.737810059,-1.040072333
Damian Lillard,0.218339152,-1.161219235,0.169821937,0.485639386,0.931140547,-0.155417695,0.39180992,1.631735728,0.503646617,-0.10996436,0.250140267,0.927484366
Damien Wilkins,2.854385017,-0.271353975,1.091468629,0.849591578,0.294668707,0.1410679,-0.116896793,-0.001597468,0.463656191,-0.134815806,-0.190908986,-0.646560993
Damion Lee,-0.260941914,-0.271353975,-0.982236428,-0.976611012,-0.813973507,-0.645900037,-0.726919745,-0.589199045,-0.713204912,-0.592792449,-0.720168089,-0.744938828
Damyean Dotson,-0.74022298,-0.271353975,-0.982236428,-0.883207352,-0.806643295,-0.649560353,-0.716292167,-0.587666837,-0.733200125,-0.589242243,-0.728989074,-0.843316663
Daniel Hamilton,-0.979863513,0.025267779,-0.982236428,-1.005598355,-0.853347217,-0.666031775,-0.765887529,-0.605287224,-0.764621174,-0.596342656,-0.755452029,-1.138450168
Daniel Theis,-0.260941914,0.618511286,-0.982236428,-0.822011851,-0.758263895,-0.501317556,-0.639065104,-0.568514243,-0.681783863,-0.425932742,-0.587853313,0.730728696
Danilo Gallinari,0.697620219,0.91513304,0.861056956,0.524289176,0.713747401,-0.005344739,0.570353223,0.108721472,0.337971996,0.15630113,0.038436626,-0.597372075
Danny Green,0.937260752,-0.271353975,0.861056956,0.714317312,0.562954468,-0.116984377,0.33016997,0.055860313,0.763584385,1.011900906,1.202806652,1.763695963
Dante Cunningham,0.937260752,0.321889533,0.861056956,1.071827872,0.60421309,0.717567668,0.457700901,-0.262072743,0.46651265,0.550374056,0.444201938,0.288028439
Dante Exum,-0.979863513,-0.271353975,-0.521413082,-0.503151081,-0.512806509,-0.554392137,-0.607890876,-0.341747533,-0.567525504,-0.493386666,-0.526106418,-0.351427488
Danuel House,-0.500582447,0.025267779,-0.751824755,-0.947623669,-0.813973507,-0.642239721,-0.724085724,-0.59226346,-0.74748242,-0.575041417,-0.746631044,-1.08926125
Dario Saric,-0.74022298,0.91513304,-0.751824755,-0.512813529,-0.391439141,-0.179209749,-0.226006589,-0.317232213,-0.458980062,-0.418832329,-0.314402776,1.320995706
Darius Miller,0.218339152,0.321889533,-0.291001409,-0.432293132,-0.499821562,-0.601976245,-0.585218711,-0.458195303,-0.567525504,-0.461434808,-0.631958238,-0.69574991
Darrell Arthur,0.697620219,0.618511286,0.861056956,0.595147125,0.08041708,0.335064648,0.095654758,-0.29807962,0.115168195,0.493570751,0.109004506,-0.89250558
Darren Collison,0.937260752,-2.051084496,0.861056956,1.01063237,1.097012774,-0.124305009,0.192011462,1.751247913,1.25775179,-0.251972622,0.355992087,0.140461687
Darrun Hilliard,-0.500582447,-0.271353975,-0.521413082,-0.731829007,-0.766327128,-0.653220669,-0.714166652,-0.557022687,-0.704635535,-0.585692036,-0.684884148,-0.89250558
David Nwaba,-0.260941914,-0.864597482,-0.751824755,-0.735049823,-0.642341828,-0.472035028,-0.568923092,-0.521015811,-0.561812586,-0.468535221,-0.614316268,-0.351427488
David Stockton,-0.021301381,-2.34770625,-0.751824755,-1.005598355,-0.851881175,-0.666031775,-0.768013045,-0.60452112,-0.761764715,-0.596342656,-0.755452029,-1.138450168
David West,2.614744484,0.618511286,2.243526993,2.305400344,2.195602125,2.598970086,2.635645795,1.129937771,1.414857035,2.421332901,2.861151841,0.533973026
Davis Bertans,-0.260941914,0.91513304,-0.751824755,-0.561125767,-0.657944707,-0.592825455,-0.619935464,-0.519483603,-0.63608052,-0.39753109,-0.526106418,0.140461687
Davon Reed,-0.979863513,-0.567975728,-0.982236428,-0.957286117,-0.830937712,-0.662371459,-0.743215364,-0.601456705,-0.738913043,-0.589242243,-0.737810059,-0.941694498
De'Aaron Fox,-1.45914458,-1.161219235,-0.982236428,-0.789803692,-0.644122022,-0.605636561,-0.648275671,-0.366262853,-0.567525504,-0.525338525,-0.658421193,-0.056293983
DeAndre Jordan,0.697620219,1.211754794,1.091468629,1.390688641,1.347496591,3.79040294,3.164899158,-0.184696265,0.512215994,3.937271093,2.331892738,2.79666323
DeAndre Liggins,0.697620219,-0.271353975,-0.060589736,-0.454838843,-0.656583382,-0.580014349,-0.624186495,-0.517951396,-0.458980062,-0.486286253,-0.561390358,-0.351427488
DeAndre' Bembry,-0.74022298,-0.271353975,-0.751824755,-0.818791035,-0.7697828,-0.625768299,-0.692202992,-0.552426065,-0.684640322,-0.535989145,-0.676063163,-0.69574991
Dejounte Murray,-1.219504046,-0.567975728,-0.751824755,-0.641646163,-0.640038047,-0.453733448,-0.496655564,-0.397673107,-0.467549439,-0.464985014,-0.411433612,0.779917614
Delon Wright,-0.260941914,-0.567975728,-0.521413082,-0.6287629,-0.635535202,-0.539750873,-0.617809949,-0.390778173,-0.461836521,-0.429482949,-0.499643462,0.189650604
DeMar DeRozan,0.457979686,0.025267779,0.861056956,1.149127452,1.550752899,0.274669434,0.80699395,0.98054754,1.103503005,0.060445554,0.638263609,1.419373541
DeMarcus Cousins,0.218339152,1.211754794,0.630645283,0.698213233,0.956063268,2.119468692,2.3210695,0.710112916,1.417713494,1.721942213,1.423331278,2.304774055
DeMarre Carroll,1.176901285,0.321889533,0.861056956,0.543614072,0.367028371,0.386309072,0.275615072,-0.139496143,0.617904977,-0.113514567,0.320708147,0.779917614
Demetrius Jackson,-0.74022298,-1.754462743,-0.751824755,-0.960506933,-0.846121722,-0.653220669,-0.763053509,-0.602222809,-0.753195338,-0.592792449,-0.746631044,-1.08926125
Dennis Schroder,-0.500582447,-1.754462743,-0.060589736,0.108803931,0.017167822,-0.400658866,-0.245844734,0.671807728,0.038043802,-0.472085427,-0.085057165,0.583161944
Dennis Smith,-1.45914458,-1.161219235,-0.982236428,-0.802686956,-0.641713524,-0.574523875,-0.620643969,-0.337150911,-0.564669045,-0.532438938,-0.605495283,0.533973026
Denzel Valentine,-0.500582447,-0.271353975,-0.751824755,-0.593333925,-0.534692428,-0.558052453,-0.425805047,-0.376222202,-0.496114029,-0.532438938,-0.526106418,0.140461687
Derrick Favors,-0.021301381,0.91513304,0.630645283,0.765850365,0.662226482,1.835794203,1.086853492,-0.142560558,0.49507724,1.913653366,1.061670891,1.665318128
Derrick Jones,-1.45914458,0.025267779,-0.751824755,-0.857440825,-0.773552623,-0.556222295,-0.72904526,-0.595327875,-0.716061371,-0.504037286,-0.720168089,-0.941694498
Derrick Rose,0.697620219,-1.161219235,0.861056956,0.569380598,0.893756465,0.133747268,0.175007337,1.561254183,0.315120324,0.028493695,0.505948833,-0.794127745
Derrick Walton,-0.979863513,-1.754462743,-0.982236428,-0.973390196,-0.840885857,-0.662371459,-0.759510983,-0.599158394,-0.74748242,-0.585692036,-0.737810059,-0.941694498
Derrick White,-0.74022298,-0.567975728,-0.982236428,-0.97016938,-0.841723595,-0.656880985,-0.754551447,-0.60452112,-0.756051797,-0.585692036,-0.737810059,-0.941694498
Derrick Williams,-0.021301381,0.321889533,0.40023361,0.353585936,0.071934978,-0.023646319,0.181383884,-0.386947655,-0.199042294,-0.21292035,-0.155625045,-0.843316663
Devin Booker,-1.219504046,-0.271353975,-0.521413082,-0.354993552,-0.15435914,-0.484846134,-0.357788551,-0.059055249,-0.301874818,-0.401081296,-0.587853313,-0.548183158
Devin Harris,1.895822884,-1.161219235,2.01311532,1.928564889,1.540909472,-0.157247853,0.47824755,2.259174699,1.983292374,0.035594108,0.920535131,-0.154671818
Devin Robinson,-0.979863513,0.321889533,-0.982236428,-1.021702434,-0.854917977,-0.662371459,-0.76730454,-0.611416054,-0.764621174,-0.596342656,-0.755452029,-1.138450168
Dewayne Dedmon,0.457979686,1.508376547,-0.060589736,-0.103769915,-0.352379582,0.161199638,0.068731562,-0.48807335,-0.418989636,0.220204848,-0.09387815,1.271806788
Deyonta Davis,-1.219504046,1.211754794,-0.751824755,-0.709283296,-0.732608153,-0.492166766,-0.617101443,-0.579239696,-0.716061371,-0.39753109,-0.649600208,-0.548183158
Dillon Brooks,-0.979863513,-0.271353975,-0.982236428,-0.76081635,-0.610193612,-0.576354033,-0.62206098,-0.507992047,-0.558956127,-0.535989145,-0.658421193,-0.056293983
Dion Waiters,-0.021301381,-0.864597482,0.169821937,0.150674537,0.242205332,-0.37869697,-0.194832362,0.171541979,0.255134685,-0.248422415,-0.07623618,-0.007105066
Dirk Nowitzki,3.09402555,1.508376547,3.395585358,3.712896872,4.439589467,2.01148937,6.22209897,2.158815108,2.663129613,3.887568201,4.695916732,0.878295449
Domantas Sabonis,-1.219504046,1.211754794,-0.751824755,-0.525696792,-0.495842304,-0.279868438,-0.309610199,-0.43291388,-0.541817373,-0.369129438,-0.402612627,0.829106531
Donovan Mitchell,-1.219504046,-1.161219235,-0.982236428,-0.770478797,-0.580035025,-0.570863559,-0.596554794,-0.388479862,-0.430415472,-0.500487079,-0.420254597,2.59990756
Dorian Finney-Smith,-0.500582447,0.321889533,-0.751824755,-0.696400033,-0.637420114,-0.525109609,-0.613558918,-0.540168405,-0.590377176,-0.493386666,-0.596674298,-0.253049653
Doug McDermott,-0.021301381,0.321889533,-0.291001409,-0.174627864,-0.284732197,-0.477525502,-0.405258397,-0.456663096,-0.624654684,-0.496936873,-0.534927403,-0.351427488
Dragan Bender,-1.45914458,1.804998301,-0.751824755,-0.622321268,-0.579511439,-0.550731821,-0.485319482,-0.49420218,-0.676070945,-0.330077166,-0.658421193,-0.597372075
Draymond Green,0.218339152,0.025267779,0.169821937,0.479197754,0.496040103,0.368007492,1.110942668,1.024215454,1.046373825,1.200061852,1.405689308,3.19017457
Dwayne Bacon,-0.979863513,-0.271353975,-0.982236428,-0.854220009,-0.781615856,-0.658711143,-0.684409435,-0.582304111,-0.721774289,-0.589242243,-0.702526119,-0.548183158
Dwight Buycks,0.457979686,-1.161219235,-0.521413082,-0.867103273,-0.783396051,-0.633088931,-0.728336755,-0.547829442,-0.681783863,-0.589242243,-0.702526119,-0.941694498
Dwight Howard,1.416541818,1.211754794,2.01311532,2.30862116,2.887783577,6.008554429,5.928777829,0.561488788,2.028995717,6.670930127,5.37513258,2.9934189
Dwight Powell,-0.021301381,1.211754794,-0.291001409,-0.206836023,-0.413010908,-0.062079637,-0.243010713,-0.46355803,-0.273310228,-0.237771796,-0.261476866,0.829106531
Dwyane Wade,2.375103951,-0.864597482,2.243526993,2.13791792,2.692381067,1.51002608,1.68128933,3.525544199,3.691454849,2.410682282,3.249275184,0.878295449
E'Twaun Moore,0.457979686,-0.864597482,0.40023361,0.463093675,0.158640915,-0.29633986,-0.27135092,0.028280578,0.112311736,-0.216470556,-0.14680406,0.386406274
Ed Davis,0.457979686,0.91513304,0.630645283,0.775512813,0.348702841,1.674740299,0.901933643,-0.275862611,0.052326097,1.185861026,0.505948833,0.435595191
Edmond Sumner,-0.979863513,-0.271353975,-0.982236428,-1.021702434,-0.856069867,-0.666031775,-0.76872155,-0.611416054,-0.767477633,-0.596342656,-0.755452029,-1.138450168
Ekpe Udoh,0.937260752,0.91513304,0.169821937,0.04760843,-0.293528451,0.119106004,-0.357788551,-0.433679983,-0.290448982,0.816639546,-0.243834896,-0.154671818
Elfrid Payton,-0.74022298,-0.864597482,-0.291001409,-0.058678493,0.070887805,-0.049268531,-0.107686226,0.861801459,0.380818881,-0.234221589,-0.102699135,0.533973026
Emeka Okafor,2.135463418,0.91513304,1.091468629,0.959099317,1.139109134,2.910096945,2.073801195,-0.213042103,0.415096389,2.964514501,1.68796083,0.927484366
Emmanuel Mudiay,-1.219504046,-0.567975728,-0.521413082,-0.422630685,-0.362118293,-0.50680803,-0.432890099,-0.002363572,-0.347578162,-0.38688047,-0.543748388,-0.548183158
Enes Kanter,-0.260941914,1.211754794,0.40023361,0.637017731,0.327968813,2.00233858,0.873593436,-0.324893251,-0.184759999,0.234405674,0.197214356,0.779917614
Eric Bledsoe,0.457979686,-1.754462743,0.630645283,0.559718151,0.571122418,0.044069527,0.278449092,1.14602595,1.320593888,0.277008152,0.497127848,0.779917614
Eric Gordon,0.697620219,-0.864597482,1.091468629,0.781954445,1.094080689,-0.210322435,0.060938005,0.700919671,0.760727926,0.067545967,-0.04095224,0.435595191
Eric Moreland,-0.021301381,0.91513304,-0.521413082,-0.773699613,-0.766745998,-0.512298504,-0.62347799,-0.550893857,-0.678927404,-0.401081296,-0.614316268,-0.351427488
Erik McCree,-0.500582447,0.321889533,-0.982236428,-1.012039986,-0.855441563,-0.666031775,-0.76872155,-0.611416054,-0.764621174,-0.596342656,-0.755452029,-1.138450168
Ersan Ilyasova,0.937260752,0.91513304,1.091468629,1.1587899,0.881190388,1.59238319,1.210133392,0.003765258,0.643613108,0.301859598,0.982282026,0.927484366
Evan Fournier,-0.260941914,0.025267779,0.169821937,0.186103512,0.214874113,-0.358565232,-0.177119732,0.044368757,0.095172982,-0.482736047,-0.279118836,-0.154671818
Evan Turner,0.697620219,0.025267779,0.630645283,0.949436869,0.932501872,-0.038287583,1.050719728,1.028812076,0.632187272,-0.035410023,0.920535131,0.484784109
Frank Kaminsky,-0.500582447,1.508376547,-0.521413082,-0.268031524,-0.280648222,-0.3512446,-0.211836486,-0.313401695,-0.424702554,-0.255522828,-0.287939821,0.435595191
Frank Mason,-0.74022298,-2.051084496,-0.982236428,-0.857440825,-0.753237464,-0.611127035,-0.698579538,-0.498798802,-0.670358027,-0.560840591,-0.702526119,-0.548183158
Frank Ntilikina,-1.698785113,-0.567975728,-0.982236428,-0.773699613,-0.677631563,-0.598315929,-0.670239331,-0.419890116,-0.581807799,-0.532438938,-0.658421193,-0.056293983
Fred VanVleet,-0.74022298,-2.051084496,-0.751824755,-0.660971058,-0.666322093,-0.612957193,-0.629854537,-0.398439211,-0.527535078,-0.518238112,-0.543748388,0.042083852
Furkan Korkmaz,-1.45914458,0.025267779,-0.982236428,-0.979831828,-0.847901917,-0.662371459,-0.763053509,-0.608351639,-0.761764715,-0.592792449,-0.746631044,-1.040072333
Garrett Temple,1.176901285,-0.271353975,0.630645283,0.38901491,0.021984819,-0.353074758,-0.264974374,-0.053692523,0.263704062,-0.163217458,-0.04095224,-0.056293983
Gary Harris,-0.74022298,-0.864597482,-0.291001409,-0.203615207,-0.097707072,-0.373206496,-0.430764584,-0.202316651,0.172297374,-0.425932742,-0.411433612,-0.056293983
Gary Payton,-0.260941914,-0.864597482,3.165173685,3.368269576,4.111195967,1.905340207,2.007910214,6.2835177,6.245129185,0.440317653,3.5932936,-0.990883415
George Hill,1.176901285,-1.161219235,1.091468629,1.120140109,1.151046908,0.020277473,0.45628389,1.065585056,0.992101104,0.124349271,1.273374533,0.238839521
Georges Niang,-0.500582447,0.321889533,-0.751824755,-0.921857142,-0.843189638,-0.656880985,-0.754551447,-0.605287224,-0.753195338,-0.596342656,-0.737810059,-1.040072333
Georgios Papagiannis,-1.45914458,1.804998301,-0.751824755,-0.899311431,-0.806329143,-0.598315929,-0.708498611,-0.589199045,-0.74748242,-0.514687906,-0.720168089,-0.941694498
Gerald Green,1.416541818,0.025267779,1.321880301,0.859254025,0.353519838,-0.138946273,0.058812489,-0.185462368,0.095172982,0.014292869,0.091362536,-0.449805323
Gian Clavell,-0.500582447,-0.864597482,-0.982236428,-1.002377539,-0.849577394,-0.664201617,-0.765179024,-0.609117742,-0.761764715,-0.596342656,-0.755452029,-1.138450168
Giannis Antetokounmpo,-0.74022298,1.211754794,-0.060589736,0.240857381,0.490594803,0.411931283,0.900516632,0.535441261,0.566488715,1.235563918,0.664726564,2.845852147
Glenn Robinson,-0.500582447,0.025267779,2.243526993,1.744978385,2.063239439,1.387405494,1.67987232,0.905469372,1.811904834,0.89474409,1.141059757,-0.400616406
Goran Dragic,1.176901285,-1.161219235,1.091468629,1.300505797,1.263722739,0.322253542,0.409522549,2.050028375,1.349158478,-0.113514567,0.629442624,1.271806788
Gordon Hayward,0.218339152,0.321889533,0.630645283,0.640238547,0.836894963,0.023937789,0.486749613,0.738458755,0.737876254,0.16695175,0.453022923,0.484784109
Gorgui Dieng,0.457979686,1.211754794,-0.060589736,0.186103512,0.10890019,0.756000986,0.452032859,-0.184696265,0.169440915,0.845041198,0.064899581,0.730728696
Greg Monroe,0.218339152,1.211754794,0.630645283,0.872137289,0.923391466,2.448897131,1.607604793,0.407501935,1.112072382,0.663980665,0.964640056,0.927484366
Guerschon Yabusele,-0.979863513,0.025267779,-0.982236428,-0.918636326,-0.831670733,-0.634919089,-0.744632374,-0.599158394,-0.756051797,-0.578591623,-0.728989074,-0.843316663
Harrison Barnes,-0.260941914,0.321889533,0.169821937,0.466314491,0.615941429,0.217934536,0.506587757,-0.063651872,0.18372321,-0.269723654,0.444201938,0.829106531
Hassan Whiteside,0.457979686,1.508376547,0.169821937,-0.152082153,-0.096555182,0.918885048,0.807702455,-0.498798802,-0.287592523,1.753894072,0.673547549,2.944229982
Henry Ellenson,-1.219504046,1.211754794,-0.751824755,-0.841336746,-0.806538577,-0.633088931,-0.695745517,-0.590731252,-0.750338879,-0.592792449,-0.702526119,-0.843316663
Ian Clark,-0.021301381,-1.161219235,-0.060589736,-0.155302969,-0.486208311,-0.570863559,-0.557587009,-0.388479862,-0.46469298,-0.468535221,-0.490822477,-0.105482901
Ian Mahinmi,1.176901285,1.211754794,1.091468629,0.733642207,0.091098246,0.818226358,0.327335949,-0.394608692,0.092316523,0.763386448,0.638263609,-0.007105066
Ike Anigbogu,-1.698785113,0.91513304,-0.982236428,-0.989494275,-0.853137783,-0.656880985,-0.766596035,-0.611416054,-0.764621174,-0.585692036,-0.755452029,-1.138450168
Iman Shumpert,0.218339152,-0.567975728,0.40023361,0.211870038,0.163353194,-0.140776431,-0.040378234,-0.059055249,0.49507724,-0.262623241,0.117825491,-0.351427488
Isaiah Canaan,-0.021301381,-2.051084496,-0.060589736,-0.364655999,-0.419608099,-0.561712769,-0.540582885,-0.327957666,-0.393281505,-0.521788319,-0.570211343,-0.794127745
Isaiah Hicks,-0.74022298,0.618511286,-0.982236428,-0.966948564,-0.831147146,-0.647730195,-0.747466395,-0.599158394,-0.761764715,-0.58214183,-0.746631044,-1.040072333
Isaiah Taylor,-0.74022298,-1.161219235,-0.751824755,-0.796245324,-0.728628895,-0.623938141,-0.717000673,-0.45130037,-0.667501568,-0.557290384,-0.711347104,-0.89250558
Isaiah Thomas,0.457979686,-2.940949757,0.40023361,0.49852265,0.617721623,-0.184700223,-0.100601174,1.25021606,0.506503076,-0.422382536,-0.164446031,-0.203860736
Isaiah Whitehead,-0.979863513,-0.864597482,-0.751824755,-0.738270639,-0.665379637,-0.600146087,-0.646150155,-0.449002058,-0.624654684,-0.461434808,-0.658421193,-0.597372075
Ish Smith,0.697620219,-2.051084496,0.630645283,0.540393256,0.114136056,-0.367716022,-0.080054524,0.80281147,0.237995931,-0.209370143,-0.014489285,0.927484366
Ivan Rabb,-1.45914458,0.91513304,-0.982236428,-0.908973879,-0.802245167,-0.569033401,-0.695037012,-0.586900734,-0.733200125,-0.550189971,-0.711347104,-0.646560993
Ivica Zubac,-1.45914458,1.804998301,-0.751824755,-0.764037165,-0.749572358,-0.508638188,-0.630563042,-0.569280347,-0.704635535,-0.425932742,-0.667242178,-0.646560993
J.J. Barea,1.656182351,-2.051084496,1.552291974,1.435780063,0.723381394,-0.245095436,0.201222029,1.646291699,0.1008859,-0.521788319,0.073720566,-0.400616406
J.J. Redick,1.656182351,-0.864597482,1.552291974,1.4228968,1.162775248,-0.413469972,0.196970998,0.52701412,0.252278226,-0.390430677,0.444201938,0.484784109
J.R. Smith,1.416541818,-0.271353975,2.01311532,2.067059971,1.863648237,0.238066274,1.041509161,0.961394946,1.980435915,0.117248858,1.167522712,-0.302238571
Jabari Bird,-0.74022298,-0.271353975,-0.982236428,-0.983052644,-0.844236811,-0.655050827,-0.760219488,-0.605287224,-0.758908256,-0.592792449,-0.737810059,-0.941694498
Jabari Parker,-0.979863513,0.321889533,-0.291001409,-0.435513948,-0.268082144,-0.127965325,-0.270642415,-0.325659355,-0.26759731,-0.362029024,-0.376149672,-0.105482901
Jack Cooley,-0.021301381,0.618511286,-0.751824755,-0.950844485,-0.838058489,-0.622107983,-0.747466395,-0.606053327,-0.74748242,-0.585692036,-0.737810059,-1.040072333
Jacob Pullen,0.457979686,-1.754462743,-0.982236428,-1.015260802,-0.855650998,-0.666031775,-0.769430055,-0.611416054,-0.767477633,-0.596342656,-0.755452029,-1.138450168
Jacob Wiley,-0.74022298,0.025267779,-0.982236428,-1.00881917,-0.852823631,-0.662371459,-0.763053509,-0.609883846,-0.764621174,-0.596342656,-0.755452029,-1.138450168
Jae Crowder,0.218339152,-0.271353975,0.169821937,0.466314491,0.294249837,-0.062079637,0.22743672,-0.123407965,0.537924125,-0.092213328,0.303066177,0.878295449
Jahlil Okafor,-0.979863513,1.211754794,-0.521413082,-0.602996373,-0.533959407,-0.256076384,-0.433598604,-0.507992047,-0.638936978,-0.141916219,-0.552569373,-0.449805323
JaKarr Sampson,-0.500582447,0.618511286,-0.521413082,-0.48060537,-0.580349177,-0.47935566,-0.536331854,-0.510290358,-0.570381963,-0.308775926,-0.570211343,-0.646560993
Jake Layman,-0.74022298,0.618511286,-0.751824755,-0.79946614,-0.81344992,-0.647730195,-0.7481749,-0.594561771,-0.724630748,-0.57149121,-0.728989074,-0.990883415
Jakob Poeltl,-0.979863513,1.508376547,-0.751824755,-0.586892293,-0.631137075,-0.221303382,-0.546250926,-0.558554895,-0.60751593,-0.170317871,-0.482001492,0.386406274
Jalen Jones,-0.500582447,0.025267779,-0.982236428,-0.973390196,-0.837325468,-0.642239721,-0.751717426,-0.608351639,-0.753195338,-0.592792449,-0.746631044,-1.040072333
Jamal Crawford,2.614744484,-0.567975728,2.934762012,3.039746359,3.099626705,0.172180586,0.93452488,2.689725007,2.506024369,0.323160837,0.86760922,-0.302238571
Jamal Murray,-1.45914458,-0.864597482,-0.751824755,-0.499930265,-0.402958046,-0.440922342,-0.494530049,-0.271265988,-0.396137964,-0.411731916,-0.587853313,-0.203860736
Jameel Warney,-0.500582447,0.321889533,-0.982236428,-1.015260802,-0.853451934,-0.658711143,-0.765887529,-0.611416054,-0.767477633,-0.596342656,-0.755452029,-1.138450168
Jameer Nelson,2.135463418,-2.051084496,2.01311532,1.802953071,1.71337889,0.11361553,0.76731766,2.842179653,1.437708707,-0.354928611,1.061670891,-0.548183158
Jamel Artis,-0.260941914,0.025267779,-0.982236428,-0.976611012,-0.827063171,-0.658711143,-0.745340879,-0.597626186,-0.761764715,-0.585692036,-0.746631044,-1.040072333
James Ennis,0.218339152,0.025267779,-0.291001409,-0.316343762,-0.386622144,-0.274377964,-0.424388037,-0.455130888,-0.384712128,-0.38688047,-0.420254597,0.238839521
James Harden,0.457979686,-0.567975728,0.861056956,1.187777242,1.57724638,0.27832975,1.331996281,2.573277237,2.177531585,0.557474469,1.564467039,2.501529725
James Johnson,0.937260752,0.618511286,0.861056956,0.736863023,0.326816922,0.194142482,0.307497804,0.266538844,0.480794945,1.217812885,0.585337699,1.81288488
James Michael McAdoo,-0.260941914,0.618511286,-0.291001409,-0.66741269,-0.764756369,-0.521449293,-0.692202992,-0.583070215,-0.673214486,-0.429482949,-0.631958238,-0.744938828
James Webb,-0.500582447,0.618511286,-0.982236428,-0.992715091,-0.843713224,-0.651390511,-0.758093972,-0.608351639,-0.764621174,-0.596342656,-0.755452029,-1.138450168
James Young,-0.979863513,-0.271353975,-0.291001409,-0.718945743,-0.771248842,-0.631258773,-0.714875157,-0.589965149,-0.698922617,-0.578591623,-0.693705134,-1.040072333
Jamil Wilson,0.218339152,0.025267779,-0.982236428,-0.976611012,-0.827586758,-0.660541301,-0.748883405,-0.603755016,-0.753195338,-0.567941004,-0.737810059,-0.941694498
JaMychal Green,0.218339152,0.618511286,-0.291001409,-0.27125234,-0.306199247,0.197802798,-0.093516122,-0.432147776,-0.396137964,-0.251972622,-0.261476866,0.779917614
Jared Dudley,1.416541818,0.025267779,1.321880301,1.513079644,1.075964594,0.726718458,0.548389562,0.36766454,1.112072382,-0.074462295,0.417738983,-0.597372075
Jarell Eddie,-0.021301381,0.025267779,-0.521413082,-0.915415511,-0.833450927,-0.660541301,-0.74959191,-0.607585535,-0.74748242,-0.592792449,-0.746631044,-1.138450168
Jarell Martin,-0.74022298,0.91513304,-0.521413082,-0.567567398,-0.584119,-0.340263652,-0.494530049,-0.537870093,-0.584664258,-0.365579231,-0.561390358,-0.154671818
Jarrett Allen,-1.698785113,0.91513304,-0.982236428,-0.793024508,-0.705381651,-0.402489024,-0.596554794,-0.57387697,-0.687496781,-0.283924481,-0.623137253,0.337217356
Jarrett Jack,1.895822884,-1.161219235,1.782703647,1.767524096,1.671596681,-0.159078011,0.796366372,2.416225968,1.183483857,-0.216470556,0.355992087,-0.794127745
Jason Smith,1.176901285,1.508376547,1.091468629,0.894683,0.17403436,0.505269341,0.210432596,-0.275096507,-0.18190354,0.827290166,0.047257611,-0.351427488
Jason Terry,3.333666083,-1.457840989,3.165173685,3.516427105,3.545408315,0.252707538,1.194546278,3.537035755,3.811426127,0.379964142,2.031979247,-0.400616406
JaVale McGee,0.937260752,1.508376547,1.091468629,0.772291997,0.120837964,1.149484955,0.407397033,-0.467388548,-0.187616458,2.368079803,0.355992087,0.140461687
Jawun Evans,-1.219504046,-2.051084496,-0.982236428,-0.870324089,-0.774809231,-0.649560353,-0.716292167,-0.534805678,-0.664645109,-0.575041417,-0.702526119,-0.548183158
Jaylen Brown,-1.219504046,0.025267779,-0.751824755,-0.548242503,-0.490501721,-0.462884238,-0.447060203,-0.475049586,-0.467549439,-0.440133568,-0.358507702,1.075051118
Jaylen Morris,-0.979863513,-0.567975728,-0.982236428,-1.005598355,-0.846017005,-0.662371459,-0.759510983,-0.606053327,-0.761764715,-0.592792449,-0.746631044,-1.040072333
Jayson Tatum,-1.698785113,0.321889533,-0.982236428,-0.767257981,-0.600978488,-0.574523875,-0.520036235,-0.513354773,-0.530391537,-0.390430677,-0.402612627,2.79666323
Jeff Green,1.176901285,0.618511286,1.091468629,1.496975564,1.627824843,0.710247036,1.224303495,0.333955974,0.906407335,0.919595536,1.105775817,-0.302238571
Jeff Teague,0.697620219,-1.457840989,0.861056956,1.133023373,1.079524982,-0.270717648,0.248691875,2.301310406,1.560536443,0.213104435,0.929356116,0.730728696
Jeff Withey,0.218339152,1.508376547,-0.060589736,-0.361435184,-0.639305025,-0.334773178,-0.530663813,-0.562385413,-0.60751593,-0.042510436,-0.473180507,-0.646560993
Jerami Grant,-0.74022298,0.321889533,-0.291001409,-0.049016046,-0.16294596,-0.168228801,-0.194832362,-0.368561165,-0.316157113,0.649779839,-0.164446031,0.681539779
Jeremy Evans,0.937260752,0.618511286,0.40023361,-0.219719286,-0.581291633,-0.228624014,-0.484610977,-0.529442952,-0.510396324,-0.166767665,-0.517285433,-0.990883415
Jeremy Lamb,-0.260941914,-0.567975728,0.169821937,0.121687195,-0.159385571,-0.367716022,-0.067301431,-0.226831971,-0.170477704,-0.173868078,-0.085057165,0.435595191
Jeremy Lin,0.697620219,-1.161219235,0.630645283,0.282727987,0.272782788,-0.345754126,-0.072260967,0.775997838,0.58077101,-0.021209197,0.109004506,-0.744938828
Jerian Grant,-0.260941914,-0.864597482,-0.521413082,-0.338889473,-0.439609106,-0.536090557,-0.51791072,-0.121109653,-0.310444195,-0.504037286,-0.473180507,-0.056293983
Jerryd Bayless,0.697620219,-1.161219235,1.091468629,0.752967102,0.382421817,-0.364055706,-0.055256843,0.579875278,0.237995931,-0.344277992,0.100183521,-0.69574991
Jimmy Butler,0.457979686,0.321889533,0.40023361,0.450210412,0.719087984,0.518080447,0.355676156,0.56991593,1.2291872,0.138550097,0.929356116,1.616129211
Joakim Noah,1.416541818,1.211754794,1.321880301,0.988086659,1.018474788,3.137036537,1.870460211,0.775997838,0.697885828,2.392931249,2.164294022,-0.498994241
Jodie Meeks,0.937260752,-0.864597482,0.861056956,0.685329969,0.400956781,-0.39699855,-0.088556586,-0.170906397,0.409383471,-0.472085427,0.020794655,-0.449805323
Joe Harris,-0.021301381,-0.271353975,-0.291001409,-0.425851501,-0.477097905,-0.530600083,-0.502323606,-0.450534266,-0.561812586,-0.48983646,-0.605495283,-0.400616406
Joe Ingles,0.937260752,0.321889533,-0.291001409,0.018621087,-0.074669263,-0.504977872,-0.172160196,0.074246803,0.126594031,-0.447233981,0.109004506,2.108018385
Joe Johnson,2.375103951,0.025267779,2.704350339,3.084837781,3.775786408,1.286746805,2.058922586,3.219868802,2.291789944,0.326711044,1.573288024,0.533973026
Joe Young,-0.260941914,-1.457840989,-0.521413082,-0.615879636,-0.743498754,-0.631258773,-0.690785981,-0.520249707,-0.673214486,-0.592792449,-0.667242178,-0.89250558
Joel Bolomboy,-0.500582447,0.618511286,-0.751824755,-0.966948564,-0.846750026,-0.647730195,-0.757385467,-0.609883846,-0.758908256,-0.589242243,-0.746631044,-1.08926125
Joel Embiid,-0.74022298,1.508376547,-0.751824755,-0.722166559,-0.573751986,-0.292679544,-0.252929786,-0.40839856,-0.576094881,0.067545967,-0.287939821,1.468562458
Joffrey Lauvergne,-0.021301381,1.211754794,-0.291001409,-0.354993552,-0.560662322,-0.228624014,-0.379752211,-0.473517378,-0.610372389,-0.475635634,-0.508464447,-0.253049653
John Collins,-1.45914458,0.91513304,-0.982236428,-0.786582876,-0.669358895,-0.343923968,-0.510825668,-0.536337886,-0.633224061,-0.312326133,-0.579032328,0.829106531
John Henson,0.218339152,1.211754794,0.169821937,0.234415749,-0.022310606,0.688285141,0.218934658,-0.283523648,-0.253315015,1.494728995,0.126646476,0.730728696
John Holland,0.697620219,-0.567975728,-0.982236428,-0.947623669,-0.838058489,-0.655050827,-0.756676962,-0.607585535,-0.74748242,-0.589242243,-0.746631044,-1.040072333
John Wall,0.218339152,-0.864597482,0.630645283,0.717538128,1.179530018,-0.089532007,0.684422555,3.22140101,1.88045985,0.706583143,1.202806652,1.075051118
Johnathan Motley,-0.979863513,0.618511286,-0.982236428,-0.989494275,-0.837849055,-0.640409563,-0.744632374,-0.606053327,-0.758908256,-0.589242243,-0.737810059,-0.941694498
Johnny O'Bryant,-0.500582447,0.618511286,-0.291001409,-0.551463319,-0.679935344,-0.429941394,-0.611433402,-0.558554895,-0.676070945,-0.528888732,-0.658421193,-0.941694498
Jon Leuer,0.457979686,0.91513304,0.40023361,0.057270877,-0.275831225,-0.062079637,-0.06163339,-0.391544277,-0.410420259,-0.248422415,-0.208550956,-0.105482901
Jonas Jerebko,0.937260752,0.91513304,0.630645283,0.785175261,0.201889166,0.598607399,0.323793423,-0.282757545,0.07232131,-0.117064773,0.117825491,0.288028439
Jonas Valanciunas,-0.260941914,1.508376547,0.169821937,0.392235726,0.317601799,1.447800708,1.065598337,-0.36549675,-0.2961619,1.022551525,0.611800654,1.81288488
Jonathan Gibson,0.937260752,-1.457840989,-0.751824755,-0.957286117,-0.82790091,-0.664201617,-0.752425931,-0.588432941,-0.744625961,-0.596342656,-0.737810059,-1.040072333
Jonathan Isaac,-1.45914458,0.91513304,-0.982236428,-0.937961222,-0.800150821,-0.636749247,-0.710624126,-0.597626186,-0.673214486,-0.48983646,-0.684884148,-0.351427488
Jonathon Simmons,0.457979686,-0.271353975,-0.521413082,-0.374318447,-0.41290619,-0.48850645,-0.487444997,-0.339449222,-0.398994423,-0.433033155,-0.358507702,0.435595191
Jordan Bell,-0.74022298,0.618511286,-0.982236428,-0.841336746,-0.771562994,-0.556222295,-0.665279795,-0.533273471,-0.667501568,-0.39753109,-0.631958238,0.238839521
Jordan Clarkson,-0.260941914,-0.567975728,-0.291001409,-0.055457677,0.014235737,-0.199341487,-0.264974374,0.025982267,0.046613179,-0.47918584,-0.517285433,-0.203860736
Jordan Crawford,0.697620219,-0.864597482,0.169821937,-0.119873995,-0.139698716,-0.386017602,-0.379752211,0.065053558,-0.207611671,-0.514687906,-0.349686717,-0.990883415
Jordan Mickey,-0.74022298,0.321889533,-0.521413082,-0.818791035,-0.805805556,-0.598315929,-0.704247579,-0.59839229,-0.741769502,-0.500487079,-0.693705134,-0.843316663
Jose Calderon,2.375103951,-1.161219235,1.782703647,1.699886963,1.553370832,-0.131625641,0.503045231,3.244384122,1.232043659,-0.354928611,0.161930416,-0.843316663
Josh Gray,-0.500582447,-1.754462743,-0.982236428,-1.00881917,-0.847273613,-0.662371459,-0.763762014,-0.602222809,-0.744625961,-0.589242243,-0.746631044,-1.040072333
Josh Hart,-0.979863513,-0.567975728,-0.982236428,-0.822011851,-0.703287305,-0.589165139,-0.612850412,-0.550127753,-0.633224061,-0.539539351,-0.623137253,0.337217356
Josh Huestis,-0.021301381,0.025267779,-0.521413082,-0.780141245,-0.74444121,-0.578184191,-0.675907373,-0.593795667,-0.721774289,-0.425932742,-0.658421193,-0.646560993
Josh Jackson,-1.45914458,0.321889533,-0.982236428,-0.776920429,-0.651138082,-0.492166766,-0.588052731,-0.520249707,-0.538960914,-0.472085427,-0.649600208,0.042083852
Josh Magette,0.457979686,-1.754462743,-0.982236428,-0.966948564,-0.833660362,-0.662371459,-0.757385467,-0.56774814,-0.744625961,-0.592792449,-0.746631044,-1.040072333
Josh McRoberts,0.937260752,0.91513304,1.321880301,0.369690015,0.00983761,0.190482166,0.093529243,0.078843426,-0.133343737,0.092397412,0.056078596,-0.941694498
Josh Richardson,-0.500582447,-0.271353975,-0.521413082,-0.425851501,-0.289758628,-0.437262026,-0.461230306,-0.271265988,-0.147626032,-0.102863947,-0.173267016,1.517751376
Josh Smith,1.416541818,0.618511286,1.782703647,1.854486124,2.180522832,2.476349501,2.727751468,1.525247306,2.326067452,5.485161143,2.967003662,-0.548183158
Jrue Holiday,0.218339152,-0.864597482,0.861056956,0.859254025,1.152617668,0.184991692,0.435028735,2.171838872,1.674794803,0.333811457,0.920535131,1.566940293
Juan Hernangomez,-0.979863513,0.618511286,-0.751824755,-0.74471227,-0.739100627,-0.554392137,-0.641899124,-0.5800058,-0.664645109,-0.543089558,-0.693705134,-0.794127745
Julius Randle,-0.74022298,0.618511286,-0.291001409,-0.258369076,-0.162841242,0.254537696,0.374805796,-0.137963936,-0.35329108,-0.20226973,-0.226192926,0.878295449
Julyan Stone,0.697620219,-0.271353975,-0.291001409,-0.79946614,-0.80371121,-0.647730195,-0.721960209,-0.552426065,-0.721774289,-0.567941004,-0.711347104,-0.990883415
Justin Anderson,-0.500582447,-0.271353975,-0.521413082,-0.483826186,-0.60558605,-0.46105408,-0.515785204,-0.519483603,-0.553243209,-0.401081296,-0.508464447,-0.154671818
Justin Holiday,0.457979686,-0.271353975,-0.060589736,-0.13919889,-0.282847285,-0.51595882,-0.336533396,-0.324893251,-0.139056655,-0.244872209,-0.332044746,0.238839521
Justin Jackson,-0.979863513,0.321889533,-0.982236428,-0.805907772,-0.698575026,-0.616617509,-0.656069228,-0.554724376,-0.687496781,-0.550189971,-0.711347104,-0.646560993
Justin Patton,-1.45914458,1.211754794,-0.982236428,-1.021702434,-0.855860433,-0.666031775,-0.769430055,-0.611416054,-0.764621174,-0.596342656,-0.755452029,-1.138450168
Justise Winslow,-1.219504046,0.025267779,-0.521413082,-0.49670945,-0.381176844,-0.358565232,-0.274893446,-0.357835712,-0.344721703,-0.365579231,-0.235013911,0.435595191
Jusuf Nurkic,-0.74022298,1.508376547,-0.291001409,-0.258369076,-0.319184194,0.309442436,0.080067645,-0.338683118,-0.224750425,0.458068686,-0.014489285,1.665318128
Kadeem Allen,-0.260941914,-1.161219235,-0.982236428,-0.966948564,-0.845074549,-0.658711143,-0.764470519,-0.602222809,-0.758908256,-0.589242243,-0.746631044,-1.040072333
Karl-Anthony Towns,-0.979863513,1.508376547,-0.521413082,-0.232602549,0.041671674,0.730378774,0.728349876,-0.167075878,-0.259027933,0.667530871,0.038436626,1.911262715
Kawhi Leonard,-0.021301381,0.025267779,0.40023361,0.285948803,0.43844558,0.265518644,0.648997297,0.096463812,1.297742216,0.429667033,1.423331278,1.419373541
Kay Felder,-0.979863513,-2.940949757,-0.751824755,-0.83811593,-0.801197994,-0.655050827,-0.731879281,-0.551659961,-0.707491994,-0.567941004,-0.711347104,-0.89250558
Kelly Olynyk,-0.021301381,1.508376547,-0.060589736,0.115245563,-0.067234334,0.18682185,0.133914038,-0.091997711,-0.036224132,-0.01765899,0.135467461,1.124240036
Kelly Oubre,-0.979863513,0.025267779,-0.521413082,-0.306681314,-0.384318364,-0.400658866,-0.335824891,-0.490371661,-0.310444195,-0.38688047,-0.358507702,0.730728696
Kemba Walker,0.218339152,-1.754462743,0.40023361,0.659563442,1.001824735,-0.122474851,0.405980023,1.552060938,1.223474282,0.110148445,0.594158684,0.927484366
Kendrick Perkins,1.656182351,0.91513304,2.01311532,1.493754749,0.940879257,1.722324407,1.516916131,0.011426296,-0.016228919,2.609493848,1.626213934,-0.941694498
Kenneth Faried,0.457979686,0.321889533,0.40023361,0.395456542,0.295611162,1.837624361,0.836042662,-0.266669366,0.186579669,0.713683556,0.338350117,-0.351427488
Kent Bazemore,0.457979686,-0.567975728,0.169821937,0.314936146,0.016748953,-0.420790604,-0.000701945,-0.023814477,0.377962422,0.060445554,0.267782237,1.222617871
Kentavious Caldwell-Pope,-0.500582447,-0.567975728,-0.060589736,0.224753302,0.394673742,-0.173719275,-0.019123079,-0.108085889,0.583627469,-0.330077166,0.170751401,1.419373541
Kevin Durant,0.697620219,0.618511286,1.321880301,1.458325774,2.138950058,0.402780493,2.710038838,1.709112206,1.774770867,2.446184347,2.570059335,2.255585138
Kevin Love,0.697620219,0.91513304,1.091468629,1.020294818,1.282571856,2.783816044,2.96651771,0.515522563,0.509359535,0.461618892,1.317479458,0.829106531
Kevon Looney,-1.219504046,0.618511286,-0.521413082,-0.625542084,-0.711978842,-0.426281078,-0.614975928,-0.557022687,-0.627511143,-0.337177579,-0.570211343,-0.105482901
Khem Birch,-0.260941914,0.618511286,-0.982236428,-0.889648984,-0.795752694,-0.537920715,-0.691494486,-0.585368526,-0.724630748,-0.521788319,-0.702526119,-0.548183158
Khris Middleton,-0.021301381,0.321889533,0.169821937,0.192545143,0.404098301,-0.27803828,0.18634342,0.259643911,0.69217291,-0.30522572,0.091362536,0.435595191
Klay Thompson,0.218339152,0.025267779,0.40023361,0.704654864,0.995960565,-0.234114488,0.360635692,0.330891559,0.595053305,0.415466207,0.700010504,1.173428953
Kobi Simmons,-1.45914458,-0.567975728,-0.982236428,-0.921857142,-0.788946068,-0.640409563,-0.743923869,-0.559320998,-0.716061371,-0.578591623,-0.737810059,-0.941694498
Kosta Koufos,0.457979686,1.508376547,1.091468629,1.049282161,0.271421463,1.431329286,0.738977453,-0.363964542,0.020905048,1.136158134,0.461843908,0.288028439
Kris Dunn,-0.74022298,-0.864597482,-0.751824755,-0.606217189,-0.556997216,-0.578184191,-0.529246802,-0.229896386,-0.247602097,-0.372679644,-0.473180507,0.435595191
Kristaps Porzingis,-0.979863513,2.398241808,-0.521413082,-0.425851501,-0.252688699,-0.107833587,-0.052422822,-0.421422323,-0.37899921,0.745635415,-0.155625045,0.779917614
Kyle Anderson,-0.500582447,0.618511286,-0.291001409,-0.197173575,-0.374474936,-0.39699855,-0.221755558,-0.271265988,-0.079071017,-0.163217458,0.056078596,1.714507046
Kyle Collinsworth,-0.021301381,-0.271353975,-0.982236428,-0.921857142,-0.806014991,-0.607466719,-0.716292167,-0.568514243,-0.71891783,-0.564390797,-0.711347104,-0.646560993
Kyle Korver,2.375103951,0.025267779,2.243526993,2.530857454,2.16889921,-0.078551059,1.383008654,0.893977816,1.383435986,0.749185622,1.679139845,-0.203860736
Kyle Kuzma,-0.979863513,0.618511286,-0.982236428,-0.776920429,-0.604853029,-0.504977872,-0.489570513,-0.503395425,-0.627511143,-0.475635634,-0.552569373,1.124240036
Kyle Lowry,1.176901285,-2.051084496,1.552291974,1.522742091,1.716415692,0.547362975,1.128655297,2.958627423,2.27465119,0.149200717,1.414510293,1.517751376
Kyle O'Quinn,0.218339152,0.91513304,0.169821937,0.25696146,-0.224833893,0.368007492,0.198388008,-0.200784443,-0.273310228,0.837940785,0.029615641,0.779917614
Kyle Singler,0.697620219,0.321889533,0.169821937,0.121687195,-0.040112549,-0.085871691,-0.267099889,-0.403035833,-0.187616458,-0.205819937,-0.384970657,-0.990883415
Kyrie Irving,-0.260941914,-1.161219235,0.40023361,0.395456542,0.709768143,-0.091362165,0.082901665,1.242555022,0.857847532,-0.088663121,0.276603222,0.927484366
LaMarcus Aldridge,1.416541818,1.211754794,1.552291974,1.773965728,2.29330338,3.598236351,2.69799425,0.66184838,1.100646546,2.659196739,2.481849484,2.40315189
Lance Stephenson,0.218339152,-0.567975728,0.630645283,0.392235726,0.268698813,-0.116984377,0.370554765,0.396776482,0.066608392,-0.365579231,0.505948833,-0.056293983
Lance Thomas,0.697620219,0.321889533,0.40023361,0.089479036,-0.181690359,-0.171889117,-0.329448344,-0.43291388,-0.393281505,-0.425932742,-0.534927403,-0.646560993
Langston Galloway,-0.021301381,-1.457840989,-0.291001409,-0.190731943,-0.243892444,-0.446412816,-0.340075922,-0.222235348,-0.167621245,-0.436583362,-0.367328687,-0.154671818
Larry Drew,0.218339152,-1.457840989,1.552291974,1.345597219,1.097641078,-0.184700223,-0.046754781,2.266835737,1.509120181,-0.436583362,0.329529132,-1.08926125
Larry Nance,-0.260941914,0.91513304,2.473938666,2.556623981,2.790605909,4.240621807,3.342733956,1.391945254,2.363201419,6.95494665,3.5932936,0.730728696
Lauri Markkanen,-1.45914458,1.508376547,-0.982236428,-0.805907772,-0.644750326,-0.521449293,-0.465481337,-0.550893857,-0.656075732,-0.454334394,-0.614316268,0.435595191
LeBron James,1.656182351,0.321889533,2.243526993,2.656469272,3.782488316,1.870567205,4.21065279,5.67676353,4.559818382,2.55624075,4.942904313,1.81288488
London Perrantes,-0.74022298,-1.457840989,-0.982236428,-0.979831828,-0.849367959,-0.664201617,-0.76730454,-0.607585535,-0.761764715,-0.592792449,-0.755452029,-1.138450168
Lonzo Ball,-1.45914458,-0.271353975,-0.982236428,-0.857440825,-0.669882481,-0.539750873,-0.563255051,-0.323361043,-0.516109242,-0.443683775,-0.534927403,1.320995706
Lorenzo Brown,0.218339152,-0.567975728,-0.291001409,-0.776920429,-0.754389355,-0.623938141,-0.700705054,-0.492669972,-0.627511143,-0.560840591,-0.702526119,-1.040072333
Lou Williams,1.176901285,-1.754462743,1.782703647,1.748199201,1.345402245,-0.074890743,0.302538268,1.450935243,1.451991002,-0.02830961,0.532411788,-0.056293983
Luc Mbah a Moute,1.176901285,0.321889533,1.091468629,1.171673163,0.814171306,1.089089741,0.528551418,-0.162479256,0.972105891,0.333811457,0.955819071,0.779917614
Lucas Nogueira,-0.260941914,1.508376547,-0.291001409,-0.570788214,-0.672605132,-0.446412816,-0.579550669,-0.556256583,-0.513252783,-0.085112915,-0.446717552,0.337217356
Luis Montero,-0.500582447,0.025267779,-0.751824755,-0.979831828,-0.851043436,-0.666031775,-0.765179024,-0.61064995,-0.767477633,-0.596342656,-0.755452029,-1.138450168
Luke Babbitt,0.457979686,0.618511286,0.630645283,0.202207591,-0.297926579,-0.462884238,-0.248678755,-0.439808813,-0.513252783,-0.390430677,-0.473180507,-0.449805323
Luke Kennard,-1.219504046,-0.271353975,-0.982236428,-0.789803692,-0.70307787,-0.627598457,-0.659611754,-0.516419188,-0.641793437,-0.550189971,-0.631958238,0.238839521
Luke Kornet,-0.979863513,1.804998301,-0.982236428,-0.960506933,-0.822141457,-0.645900037,-0.731879281,-0.591497356,-0.750338879,-0.539539351,-0.728989074,-0.843316663
Luol Deng,1.416541818,0.618511286,2.01311532,1.809394702,2.342729952,1.973056052,2.031290885,0.939177937,1.703359393,0.951547395,2.66709017,-0.744938828
Malachi Richardson,-0.979863513,-0.271353975,-0.751824755,-0.870324089,-0.801616864,-0.651390511,-0.734713302,-0.593029564,-0.724630748,-0.589242243,-0.737810059,-1.040072333
Malcolm Brogdon,-0.260941914,-0.567975728,-0.751824755,-0.6287629,-0.498355519,-0.537920715,-0.557587009,-0.252113395,-0.410420259,-0.507587493,-0.561390358,-0.056293983
Malcolm Delaney,0.457979686,-1.161219235,-0.751824755,-0.615879636,-0.619408736,-0.631258773,-0.624895,-0.338683118,-0.556099668,-0.57149121,-0.587853313,-0.203860736
Malcolm Miller,-0.500582447,0.025267779,-0.982236428,-0.976611012,-0.84308492,-0.658711143,-0.761636498,-0.609117742,-0.764621174,-0.589242243,-0.746631044,-1.040072333
Malik Beasley,-1.219504046,-0.567975728,-0.751824755,-0.754374718,-0.77795075,-0.631258773,-0.720543198,-0.579239696,-0.704635535,-0.57149121,-0.720168089,-0.941694498
Malik Monk,-1.698785113,-1.161219235,-0.982236428,-0.822011851,-0.766850715,-0.651390511,-0.728336755,-0.541700612,-0.710348453,-0.564390797,-0.711347104,-0.646560993
Mangok Mathiang,-0.260941914,0.91513304,-0.982236428,-1.012039986,-0.854184956,-0.660541301,-0.764470519,-0.611416054,-0.764621174,-0.596342656,-0.755452029,-1.138450168
Manu Ginobili,3.333666083,-0.271353975,2.473938666,2.379479109,1.95632306,0.587626451,1.364587519,2.453765052,3.20871328,0.53617323,3.443336855,0.829106531
Marc Gasol,1.656182351,1.804998301,1.091468629,1.281180902,1.67044479,1.643627613,2.224004291,1.220338014,1.083507792,3.209478753,2.270145843,1.862073798
Marcin Gortat,1.656182351,1.211754794,1.321880301,1.419675984,1.231783958,2.430595551,2.386251975,0.039772134,0.309407406,2.460385173,1.74088674,1.468562458
Marco Belinelli,1.176901285,-0.567975728,1.321880301,1.306947429,0.908207455,-0.365885864,0.157294708,0.329359352,0.492220781,-0.39753109,0.214856327,0.091272769
Marcus Georges-Hunt,-0.74022298,-0.567975728,-0.751824755,-0.873544905,-0.827796192,-0.651390511,-0.757385467,-0.603755016,-0.74748242,-0.596342656,-0.755452029,-1.138450168
Marcus Morris,0.457979686,0.618511286,0.40023361,0.488860202,0.438340863,0.163029796,0.366303734,-0.060587457,0.192292587,-0.184518698,0.303066177,1.124240036
Marcus Paige,-0.500582447,-1.754462743,-0.982236428,-1.00881917,-0.853347217,-0.666031775,-0.766596035,-0.609117742,-0.767477633,-0.596342656,-0.755452029,-1.138450168
Marcus Smart,-0.74022298,-0.864597482,-0.291001409,-0.184290312,-0.072156048,-0.193851013,-0.264265868,0.166945357,0.335115537,-0.266173448,0.109004506,1.419373541
Mario Chalmers,1.176901285,-1.457840989,0.861056956,1.055723792,0.949570794,-0.279868438,0.204056049,1.236426192,1.946158407,-0.230671383,1.044028921,0.238839521
Mario Hezonja,-0.979863513,0.321889533,-0.521413082,-0.319564578,-0.434268523,-0.503147714,-0.405258397,-0.399205315,-0.339008785,-0.372679644,-0.437896567,0.140461687
Markel Brown,-0.021301381,-1.161219235,-0.521413082,-0.660971058,-0.668416439,-0.592825455,-0.631980052,-0.510290358,-0.570381963,-0.500487079,-0.658421193,-0.941694498
Markelle Fultz,-1.698785113,-0.864597482,-0.982236428,-0.979831828,-0.829785821,-0.645900037,-0.74675789,-0.570812555,-0.733200125,-0.58214183,-0.720168089,-0.744938828
Markieff Morris,0.457979686,0.91513304,0.40023361,0.653121811,0.585573408,0.622399453,0.800617403,0.078843426,0.612192059,0.504221371,0.541232773,1.124240036
Marquese Chriss,-1.45914458,0.91513304,-0.751824755,-0.528917608,-0.513853682,-0.3512446,-0.364873603,-0.501863217,-0.430415472,-0.099313741,-0.490822477,0.337217356
Marquis Teague,-0.500582447,-1.457840989,-0.521413082,-0.731829007,-0.761091263,-0.656880985,-0.709207116,-0.508758151,-0.701779076,-0.553740177,-0.684884148,-0.941694498
Marreese Speights,0.937260752,0.91513304,1.091468629,1.245751928,0.257912929,1.067127845,0.596567914,-0.258242225,-0.227606884,0.667530871,0.435380953,-0.056293983
Marshall Plumlee,-0.260941914,1.508376547,-0.751824755,-0.93151959,-0.833032058,-0.616617509,-0.740381343,-0.602222809,-0.756051797,-0.578591623,-0.746631044,-1.08926125
MarShon Brooks,0.697620219,-0.567975728,-0.291001409,-0.474163739,-0.534901862,-0.446412816,-0.585927216,-0.41452739,-0.450410685,-0.461434808,-0.614316268,-0.89250558
Marvin Williams,1.176901285,0.618511286,1.782703647,1.999422838,1.960302318,1.475253078,1.912970521,0.323996626,1.280603462,1.129057721,1.493899159,1.075051118
Mason Plumlee,0.218339152,1.211754794,-0.060589736,0.227974118,0.053609448,0.756000986,0.418024611,-0.009258506,0.089460064,0.738535002,0.206035342,0.927484366
Matt Costello,-0.500582447,0.618511286,-0.982236428,-1.012039986,-0.852928348,-0.664201617,-0.763762014,-0.609883846,-0.761764715,-0.589242243,-0.746631044,-1.040072333
Matt Williams,-0.500582447,-0.567975728,-0.982236428,-1.015260802,-0.855127412,-0.666031775,-0.76872155,-0.611416054,-0.767477633,-0.596342656,-0.755452029,-1.138450168
Matthew Dellavedova,0.218339152,-0.864597482,-0.060589736,0.034725166,-0.100639157,-0.41530013,-0.425805047,0.330891559,-0.287592523,-0.539539351,-0.411433612,-0.597372075
Maurice Harkless,-0.500582447,0.618511286,0.169821937,0.31171533,0.142933317,0.25087738,-0.070135452,-0.333320392,0.372249504,0.358662903,0.064899581,0.632350861
Maxi Kleber,-0.021301381,0.91513304,-0.982236428,-0.793024508,-0.72999022,-0.536090557,-0.653943712,-0.572344762,-0.693209699,-0.429482949,-0.649600208,0.042083852
Meyers Leonard,-0.260941914,1.804998301,0.169821937,0.044387614,-0.30996907,-0.22313354,-0.06446741,-0.409930767,-0.60751593,-0.230671383,-0.358507702,-0.597372075
Michael Beasley,0.697620219,0.618511286,1.091468629,0.852812394,0.570598832,0.525401079,0.753856062,-0.026878892,0.192292587,0.482920132,0.408917998,0.091272769
Michael Carter-Williams,-0.021301381,-0.271353975,-0.060589736,-0.100549099,-0.029745535,-0.164568485,-0.002118955,0.455766471,0.38367534,-0.02830961,0.038436626,0.042083852
Michael Kidd-Gilchrist,-0.500582447,0.025267779,0.169821937,0.12490801,0.140420102,0.433893179,0.297578732,-0.274330403,-0.019085378,0.323160837,0.153109431,1.173428953
Mike Conley,0.937260752,-1.754462743,1.321880301,1.287622534,1.589707741,-0.116984377,0.49737719,2.498965173,2.280364108,-0.099313741,1.326300443,0.189650604
Mike James,0.218339152,-1.457840989,1.782703647,1.007411555,0.719821005,-0.254246226,0.072982593,1.074778301,0.620761436,-0.436583362,-0.0056683,-0.941694498
Mike Muscala,-0.021301381,1.211754794,-0.060589736,-0.242264997,-0.481496032,-0.228624014,-0.401715872,-0.449002058,-0.501826947,-0.156117045,-0.376149672,0.091272769
Mike Scott,0.697620219,0.321889533,0.169821937,0.12490801,-0.256458522,-0.192020855,-0.185621795,-0.35323909,-0.450410685,-0.447233981,-0.279118836,-0.548183158
Miles Plumlee,0.697620219,1.211754794,0.169821937,0.031504351,-0.281904829,0.30578212,-0.066592926,-0.48807335,-0.347578162,0.298309392,-0.173267016,-0.548183158
Milos Teodosic,0.937260752,-0.567975728,-0.982236428,-0.879986536,-0.737529867,-0.636749247,-0.691494486,-0.45130037,-0.701779076,-0.578591623,-0.711347104,-0.646560993
Milton Doyle,-0.500582447,-0.864597482,-0.982236428,-0.992715091,-0.843189638,-0.660541301,-0.758802478,-0.603755016,-0.750338879,-0.589242243,-0.746631044,-1.040072333
Mindaugas Kuzminskas,0.457979686,0.618511286,-0.751824755,-0.802686956,-0.749677075,-0.580014349,-0.713458147,-0.558554895,-0.684640322,-0.557290384,-0.720168089,-0.941694498
Mirza Teletovic,1.416541818,0.618511286,0.169821937,0.018621087,-0.252583981,-0.320131914,-0.165075145,-0.40226973,-0.470405898,-0.30522572,-0.393791642,-0.744938828
Monte Morris,-0.979863513,-1.161219235,-0.982236428,-1.015260802,-0.853661369,-0.666031775,-0.768013045,-0.606053327,-0.758908256,-0.596342656,-0.755452029,-1.138450168
Montrezl Harrell,-0.500582447,0.321889533,-0.521413082,-0.467722107,-0.569772728,-0.283528754,-0.499489585,-0.492669972,-0.576094881,-0.223570969,-0.534927403,-0.007105066
Myke Henry,-0.260941914,-0.271353975,-0.982236428,-0.960506933,-0.816696157,-0.647730195,-0.74959191,-0.594561771,-0.678927404,-0.575041417,-0.720168089,-0.744938828
Myles Turner,-1.219504046,1.211754794,-0.521413082,-0.361435184,-0.254783045,-0.116984377,-0.034001688,-0.432147776,-0.376142751,0.738535002,-0.0056683,1.911262715
Nate Wolters,-0.021301381,-0.864597482,-0.521413082,-0.754374718,-0.691349531,-0.589165139,-0.668113816,-0.45130037,-0.644649896,-0.535989145,-0.720168089,-1.040072333
Naz Mitrou-Long,-0.500582447,-0.864597482,-0.982236428,-1.021702434,-0.856174585,-0.666031775,-0.769430055,-0.611416054,-0.767477633,-0.596342656,-0.755452029,-1.138450168
Nemanja Bjelica,0.697620219,0.91513304,-0.521413082,-0.406526606,-0.475527145,-0.375036654,-0.366290613,-0.421422323,-0.43612839,-0.393980883,-0.526106418,-0.154671818
Nene Hilario,2.135463418,1.211754794,2.473938666,1.947889784,1.729295921,2.361049547,2.100724391,0.685597596,2.154679913,1.91010316,2.375997664,0.189650604
Nerlens Noel,-0.74022298,1.211754794,-0.291001409,-0.306681314,-0.249442462,0.212444062,0.034723314,-0.366262853,0.223713636,0.518422197,0.117825491,0.288028439
Nick Collison,2.614744484,0.91513304,2.01311532,1.906019178,1.091776908,2.566027242,1.310032621,0.107955368,0.506503076,1.06870421,0.83232528,-1.08926125
Nick Young,1.416541818,0.025267779,1.321880301,1.281180902,0.859199752,-0.190190697,0.056686974,-0.086634984,0.357967209,-0.12061498,-0.358507702,-0.597372075
Nicolas Batum,0.697620219,0.321889533,1.091468629,1.203881322,1.434307245,0.686454983,1.290902981,1.4218233,1.114928841,0.997700079,1.193985667,1.124240036
Nicolas Brussino,-0.500582447,0.025267779,-0.751824755,-0.83811593,-0.800674408,-0.618447667,-0.718417683,-0.575409177,-0.71891783,-0.567941004,-0.702526119,-0.843316663
Nigel Hayes,-0.74022298,0.321889533,-0.982236428,-0.995935907,-0.84350379,-0.658711143,-0.756676962,-0.606819431,-0.761764715,-0.585692036,-0.746631044,-1.040072333
Nik Stauskas,-0.500582447,-0.271353975,-0.291001409,-0.164965416,-0.264940624,-0.558052453,-0.413760459,-0.280459233,-0.430415472,-0.337177579,-0.543748388,-0.302238571
Nikola Jokic,-0.979863513,0.91513304,-0.521413082,-0.290577235,-0.205565907,0.410101125,0.288368165,0.159284319,-0.110492065,-0.007008371,-0.12916209,1.271806788
Nikola Mirotic,-0.021301381,0.91513304,-0.291001409,-0.145640521,-0.178444122,-0.224963698,0.161545739,-0.341747533,-0.170477704,0.092397412,0.056078596,0.976673284
Nikola Vucevic,0.218339152,1.508376547,0.40023361,0.44376878,0.567352595,1.594213348,1.527543708,0.156986008,0.317976783,0.89474409,0.77939937,1.517751376
Noah Vonleh,-0.979863513,0.91513304,-0.291001409,-0.280914787,-0.482124336,-0.080381217,-0.224589579,-0.535571782,-0.538960914,-0.315876339,-0.411433612,0.042083852
Norman Powell,-0.500582447,-0.864597482,-0.521413082,-0.396864158,-0.525896173,-0.563542927,-0.526412782,-0.444405436,-0.430415472,-0.454334394,-0.446717552,0.140461687
OG Anunoby,-1.45914458,0.321889533,-0.982236428,-0.786582876,-0.701192959,-0.585504823,-0.670239331,-0.569280347,-0.618941766,-0.546639764,-0.614316268,0.435595191
Okaro White,-0.260941914,0.321889533,-0.751824755,-0.8928698,-0.798580061,-0.614787351,-0.723377219,-0.593795667,-0.736056584,-0.557290384,-0.702526119,-0.843316663
Omari Johnson,0.457979686,0.618511286,-0.982236428,-1.012039986,-0.848425503,-0.658711143,-0.764470519,-0.606053327,-0.761764715,-0.596342656,-0.755452029,-1.138450168
Omer Asik,1.176901285,1.508376547,0.630645283,0.492081018,0.108795473,1.230011907,0.878552972,-0.396907003,-0.290448982,0.60717736,0.453022923,-0.744938828
Omri Casspi,0.697620219,0.618511286,0.861056956,0.752967102,0.341582064,0.16852027,0.494543169,-0.124174068,0.209431341,-0.152566839,0.020794655,-0.449805323
Otto Porter,-0.500582447,0.321889533,-0.060589736,0.079816588,0.092878441,0.082502845,0.127537491,-0.24904898,0.343684914,-0.078012501,0.206035342,1.862073798
P.J. Tucker,1.416541818,-0.271353975,0.40023361,0.585484678,0.601699874,0.785283514,0.68371405,-0.053692523,0.89212504,-0.134815806,0.470664893,1.419373541
Pascal Siakam,-0.74022298,0.618511286,-0.751824755,-0.586892293,-0.590506757,-0.404319182,-0.481776956,-0.476581793,-0.516109242,-0.287474687,-0.429075582,0.681539779
Pat Connaughton,-0.260941914,-0.567975728,-0.521413082,-0.525696792,-0.65239469,-0.561712769,-0.636231083,-0.51258867,-0.678927404,-0.511137699,-0.614316268,-0.400616406
Patrick Beverley,0.697620219,-1.754462743,0.169821937,-0.052236862,0.046802822,0.007466367,-0.158698598,0.163880942,0.332259078,-0.159667252,-0.032131255,0.189650604
Patrick McCaw,-0.979863513,0.025267779,-0.751824755,-0.61265882,-0.643179566,-0.598315929,-0.666696805,-0.490371661,-0.553243209,-0.507587493,-0.579032328,-0.154671818
Patrick Patterson,0.457979686,0.618511286,0.630645283,0.775512813,0.474049467,0.662662929,0.435028735,-0.124940172,0.178010292,0.369313522,0.258961252,0.337217356
Patty Mills,0.697620219,-2.051084496,0.861056956,0.659563442,0.147855031,-0.364055706,-0.299691127,0.297182994,0.198005505,-0.464985014,0.258961252,0.976673284
Pau Gasol,2.614744484,1.508376547,2.704350339,2.827172512,3.399537095,4.939742161,4.973004354,2.355703772,0.94925422,6.241355136,3.981416943,2.00964055
Paul George,0.218339152,0.618511286,0.630645283,0.672446706,0.984965247,0.172180586,1.217926949,0.677170455,1.806191916,0.230855467,1.873201516,2.304774055
Paul Millsap,1.416541818,0.321889533,1.552291974,1.793290623,1.848150074,2.948530263,2.435847337,0.941476249,2.486029156,2.641445706,2.711195096,1.271806788
Paul Zipser,-0.74022298,0.321889533,-0.751824755,-0.709283296,-0.681715538,-0.614787351,-0.607890876,-0.548595546,-0.667501568,-0.486286253,-0.631958238,-0.449805323
PJ Dozier,-1.219504046,0.025267779,-0.982236428,-1.018481618,-0.85596515,-0.666031775,-0.76872155,-0.611416054,-0.767477633,-0.596342656,-0.755452029,-1.138450168
Quincy Acy,0.218339152,0.025267779,0.169821937,0.028283535,-0.30452377,-0.106003429,-0.169326176,-0.45130037,-0.370429834,-0.1312656,-0.376149672,-0.351427488
Quincy Pondexter,0.697620219,0.025267779,0.169821937,-0.052236862,-0.307770006,-0.31464144,-0.484610977,-0.428317257,-0.450410685,-0.425932742,-0.384970657,-0.69574991
Quinn Cook,-0.500582447,-1.457840989,-0.751824755,-0.873544905,-0.759101634,-0.645900037,-0.714166652,-0.523314122,-0.721774289,-0.592792449,-0.711347104,-0.89250558
R.J. Hunter,-0.500582447,-0.567975728,-0.521413082,-0.883207352,-0.817638613,-0.662371459,-0.740381343,-0.599158394,-0.71891783,-0.58214183,-0.711347104,-1.08926125
Rajon Rondo,1.176901285,-1.754462743,1.552291974,1.484092301,1.735474243,0.83469778,1.303656074,4.450997529,3.100167838,-0.220020763,2.552417365,1.025862201
Ramon Sessions,1.176901285,-1.161219235,1.321880301,1.200660506,0.831659098,-0.045608215,0.294036206,1.539037174,0.58077101,-0.411731916,-0.014489285,-0.69574991
Rashad Vaughn,-1.219504046,-0.271353975,-0.521413082,-0.577229846,-0.681296669,-0.633088931,-0.670239331,-0.553958272,-0.616085307,-0.493386666,-0.676063163,-0.89250558
Raul Neto,-0.260941914,-1.754462743,-0.521413082,-0.503151081,-0.610926633,-0.614787351,-0.648275671,-0.394608692,-0.49325757,-0.557290384,-0.508464447,-0.548183158
Raymond Felton,1.656182351,-1.754462743,1.782703647,1.996202022,2.122928308,0.336894806,0.84950426,3.252811264,2.471746861,0.117248858,1.326300443,0.386406274
Reggie Bullock,-0.021301381,0.025267779,-0.060589736,-0.351772736,-0.504324406,-0.545241347,-0.53987438,-0.480412312,-0.498970488,-0.514687906,-0.499643462,-0.203860736
Reggie Hearn,-0.021301381,-0.567975728,-0.982236428,-1.015260802,-0.855546281,-0.666031775,-0.769430055,-0.611416054,-0.767477633,-0.596342656,-0.755452029,-1.138450168
Reggie Jackson,0.218339152,-1.161219235,0.40023361,0.418002253,0.304826286,-0.22313354,0.016302179,0.910065995,0.152302162,-0.411731916,0.135467461,-0.105482901
Richard Jefferson,2.614744484,0.025267779,2.704350339,2.778860275,2.73479158,1.012223106,1.925015109,1.236426192,1.480555591,0.635579013,2.173115008,-0.744938828
Richaun Holmes,-0.500582447,0.91513304,-0.521413082,-0.522475976,-0.579720873,-0.276208122,-0.454853759,-0.494968283,-0.536104455,-0.156117045,-0.455538537,0.288028439
Ricky Rubio,0.218339152,-0.864597482,0.40023361,0.360027568,0.554367648,-0.122474851,0.33016997,1.994102802,1.71192877,-0.39753109,0.638263609,1.566940293
Robert Covington,0.218339152,0.618511286,-0.060589736,-0.087665836,0.038425437,-0.155417695,0.172881822,-0.259008328,0.569345174,0.15630113,0.311887162,2.649096477
Robin Lopez,0.697620219,1.508376547,1.091468629,1.203881322,0.823700582,2.474519343,0.678046009,-0.18776068,-0.259027933,2.417782695,0.461843908,0.386406274
Rodney Hood,-0.260941914,0.321889533,-0.291001409,-0.226160918,-0.142735518,-0.510468346,-0.297565611,-0.238323527,-0.236176261,-0.415282123,-0.155625045,0.533973026
Rodney McGruder,-0.021301381,-0.864597482,-0.751824755,-0.715724928,-0.619094584,-0.473865186,-0.639773609,-0.503395425,-0.613228848,-0.521788319,-0.579032328,-0.154671818
Rodney Purvis,-0.74022298,-0.864597482,-0.982236428,-0.973390196,-0.825911281,-0.664201617,-0.751008921,-0.59839229,-0.758908256,-0.585692036,-0.746631044,-1.040072333
Ron Baker,-0.500582447,-0.864597482,-0.751824755,-0.764037165,-0.726220397,-0.634919089,-0.690785981,-0.493436076,-0.596090094,-0.546639764,-0.676063163,-0.69574991
Rondae Hollis-Jefferson,-0.74022298,0.025267779,-0.521413082,-0.461280475,-0.406413717,-0.234114488,-0.182079269,-0.332554288,-0.236176261,-0.21292035,-0.323223761,0.927484366
Royce O'Neale,-0.500582447,-0.271353975,-0.982236428,-0.802686956,-0.73585439,-0.620277825,-0.619935464,-0.538636197,-0.664645109,-0.539539351,-0.596674298,0.632350861
Rudy Gay,1.176901285,0.321889533,1.552291974,1.583937593,2.080622513,1.517346712,1.745763301,0.754546933,2.240373683,1.72549242,1.643855905,0.386406274
Rudy Gobert,-0.260941914,1.804998301,-0.060589736,0.021841903,0.094972787,1.169616693,0.811244981,-0.317232213,-0.167621245,1.917203573,0.88525119,3.731252662
Russell Westbrook,0.697620219,-1.161219235,1.091468629,1.38424701,1.834955692,1.643627613,1.84566253,4.071776173,2.945919053,0.174052163,2.190756978,3.337741322
Ryan Anderson,0.697620219,0.91513304,1.091468629,0.978424212,0.864540335,1.5832324,0.734726422,-0.178567435,0.166584456,0.170501956,0.338350117,0.238839521
Ryan Arcidiacono,-0.74022298,-1.161219235,-0.982236428,-0.947623669,-0.824445238,-0.664201617,-0.752425931,-0.584602422,-0.730343666,-0.596342656,-0.737810059,-0.941694498
Salah Mejri,1.176901285,1.804998301,-0.521413082,-0.483826186,-0.643598435,-0.257906542,-0.447768708,-0.566215932,-0.590377176,-0.014108784,-0.429075582,0.337217356
Sam Dekker,-0.74022298,0.618511286,-0.521413082,-0.532138424,-0.614591739,-0.413469972,-0.541999895,-0.524080226,-0.587520717,-0.48983646,-0.596674298,-0.253049653
Scotty Hopson,0.457979686,0.025267779,-0.751824755,-1.015260802,-0.854708542,-0.666031775,-0.769430055,-0.609883846,-0.764621174,-0.596342656,-0.755452029,-1.138450168
Sean Kilpatrick,0.457979686,-0.864597482,-0.291001409,-0.519255161,-0.533540537,-0.592825455,-0.493821544,-0.430615568,-0.558956127,-0.550189971,-0.631958238,-0.449805323
Semi Ojeleye,-0.74022298,0.025267779,-0.982236428,-0.789803692,-0.73585439,-0.598315929,-0.681575414,-0.596093979,-0.707491994,-0.58214183,-0.640779223,0.140461687
Serge Ibaka,0.457979686,0.91513304,0.861056956,1.162010716,1.197646113,2.031621108,1.651532113,-0.269733781,0.07232131,4.810621901,1.767349695,1.616129211
Shabazz Muhammad,-0.260941914,-0.271353975,-0.060589736,-0.129536442,-0.356568275,-0.127965325,-0.432181594,-0.495734387,-0.536104455,-0.511137699,-0.693705134,-0.941694498
Shabazz Napier,-0.021301381,-1.754462743,-0.291001409,-0.274473156,-0.473118647,-0.556222295,-0.529246802,-0.271265988,-0.264740851,-0.521788319,-0.429075582,0.091272769
Shane Larkin,-0.260941914,-2.34770625,-0.291001409,-0.200394391,-0.345258805,-0.514128662,-0.481068451,-0.046797589,-0.073358099,-0.511137699,-0.464359522,-0.105482901
Shaquille Harrison,-0.500582447,-0.864597482,-0.982236428,-0.950844485,-0.816067853,-0.649560353,-0.732587786,-0.569280347,-0.693209699,-0.57149121,-0.720168089,-0.744938828
Shaun Livingston,1.416541818,0.025267779,1.782703647,1.451884143,0.842340264,0.155709164,0.238772803,1.203483731,0.817857106,0.411916001,0.594158684,0.091272769
Shelvin Mack,0.218339152,-1.161219235,0.40023361,0.260182276,-0.107969369,-0.483015976,-0.280561487,0.337020389,-0.044793509,-0.525338525,-0.173267016,0.091272769
Sindarius Thornwell,-0.74022298,-0.567975728,-0.982236428,-0.789803692,-0.735226086,-0.605636561,-0.693620002,-0.559320998,-0.630367602,-0.507587493,-0.676063163,-0.253049653
Skal Labissiere,-1.219504046,1.211754794,-0.751824755,-0.725387375,-0.662342835,-0.391508076,-0.556878504,-0.535571782,-0.650362814,-0.376229851,-0.623137253,-0.400616406
Solomon Hill,-0.021301381,0.025267779,-0.060589736,-0.184290312,-0.224415024,-0.340263652,-0.283395508,-0.292716893,-0.233319802,-0.369129438,-0.155625045,0.091272769
Spencer Dinwiddie,-0.500582447,-0.271353975,-0.291001409,-0.429072317,-0.410811844,-0.528769925,-0.47681742,0.028280578,-0.384712128,-0.411731916,-0.508464447,-0.007105066
Stanley Johnson,-1.219504046,0.025267779,-0.521413082,-0.319564578,-0.337719158,-0.43360171,-0.330156849,-0.354771297,-0.179047081,-0.418832329,-0.217371941,0.927484366
Stephen Curry,0.697620219,-1.161219235,0.861056956,0.988086659,1.398075054,0.1410679,0.875718951,2.626904499,2.397478927,-0.138366013,1.361584383,1.665318128
Sterling Brown,-0.979863513,-0.567975728,-0.982236428,-0.850999194,-0.775018666,-0.616617509,-0.687243455,-0.59226346,-0.678927404,-0.550189971,-0.693705134,-0.449805323
Steven Adams,-0.500582447,1.508376547,-0.060589736,0.221532486,0.176023989,1.575911768,0.265695999,-0.34711026,0.092316523,0.781137481,0.347171102,1.862073798
T.J. Leaf,-1.45914458,0.91513304,-0.982236428,-0.854220009,-0.808214054,-0.612957193,-0.731879281,-0.60452112,-0.753195338,-0.58214183,-0.728989074,-0.843316663
T.J. McConnell,-0.260941914,-1.457840989,-0.521413082,-0.258369076,-0.286093522,-0.448242974,-0.338658911,0.310972862,0.149445703,-0.47918584,-0.199729971,1.271806788
T.J. Warren,-0.500582447,0.321889533,-0.291001409,-0.322785393,-0.241169794,-0.029136793,-0.37550118,-0.435978295,-0.207611671,-0.223570969,-0.499643462,-0.203860736
Taj Gibson,1.416541818,0.618511286,0.861056956,1.123360925,0.964021784,2.20365596,1.147076432,-0.093529918,0.289412193,2.133766172,1.458615219,0.927484366
Tarik Black,-0.021301381,0.618511286,-0.291001409,-0.316343762,-0.508722534,0.053220317,-0.317403756,-0.527144641,-0.530391537,-0.184518698,-0.482001492,-0.253049653
Taurean Waller-Prince,-0.74022298,0.321889533,-0.751824755,-0.570788214,-0.495528152,-0.528769925,-0.43572412,-0.405334145,-0.401850882,-0.351378405,-0.446717552,0.583161944
Terrance Ferguson,-1.698785113,0.025267779,-0.982236428,-0.828453483,-0.776379991,-0.631258773,-0.74959191,-0.596860082,-0.698922617,-0.560840591,-0.711347104,-0.646560993
Terrence Ross,-0.021301381,0.025267779,0.169821937,0.298832067,0.169112646,-0.375036654,-0.112645762,-0.304974553,0.169440915,-0.117064773,-0.04095224,0.091272769
Terry Rozier,-0.74022298,-1.457840989,-0.521413082,-0.40330579,-0.474898841,-0.43360171,-0.387545768,-0.304974553,-0.390425046,-0.486286253,-0.305581791,1.222617871
Thabo Sefolosha,1.656182351,0.025267779,1.552291974,1.480871485,1.030412562,0.426572547,0.958614056,0.265006637,1.71192877,0.642679426,1.590929994,0.976673284
Thaddeus Young,0.697620219,0.321889533,1.321880301,1.616145751,1.782701752,2.344578125,1.519750151,0.37379337,2.637421482,0.578775708,1.63503492,1.763695963
Thomas Bryant,-1.45914458,0.91513304,-0.982236428,-0.976611012,-0.848739655,-0.660541301,-0.759510983,-0.606819431,-0.764621174,-0.589242243,-0.746631044,-1.040072333
Thon Maker,-1.45914458,1.804998301,-0.751824755,-0.602996373,-0.667788135,-0.455563606,-0.610724897,-0.558554895,-0.630367602,-0.315876339,-0.614316268,-0.351427488
Tim Frazier,0.218339152,-1.754462743,-0.291001409,-0.425851501,-0.506209318,-0.512298504,-0.527121287,-0.036072137,-0.356147539,-0.543089558,-0.482001492,0.042083852
Tim Hardaway,-0.260941914,-0.271353975,2.934762012,2.856159855,3.236596953,0.521740763,1.368130045,5.269196335,3.888550519,0.049794934,2.049621217,0.435595191
Tim Quarterman,-0.74022298,-0.271353975,-0.751824755,-0.963727748,-0.846540592,-0.658711143,-0.760219488,-0.602222809,-0.761764715,-0.585692036,-0.746631044,-1.08926125
Timofey Mozgov,1.176901285,1.804998301,0.630645283,0.437327148,0.000413052,0.741359722,0.262153473,-0.419890116,-0.370429834,0.763386448,-0.014489285,-0.794127745
Timothe Luwawu-Cabarrot,-0.979863513,-0.271353975,-0.751824755,-0.635204531,-0.647158824,-0.594655613,-0.640482114,-0.51258867,-0.641793437,-0.543089558,-0.623137253,-0.400616406
Tobias Harris,-0.260941914,0.618511286,0.40023361,0.469535307,0.583060192,0.21427422,0.735434927,0.001466947,0.235139472,0.202453815,0.382455043,1.468562458
Tomas Satoransky,-0.021301381,0.025267779,-0.751824755,-0.606217189,-0.608937004,-0.48850645,-0.614267423,-0.321828836,-0.544673832,-0.521788319,-0.596674298,-0.253049653
Tony Allen,2.375103951,-0.864597482,2.01311532,1.616145751,1.034391819,1.202559537,0.550515078,0.213677686,2.540301876,0.600076947,1.846738561,0.386406274
Tony Bradley,-1.45914458,1.211754794,-0.982236428,-0.995935907,-0.8532425,-0.658711143,-0.764470519,-0.61064995,-0.767477633,-0.596342656,-0.755452029,-1.138450168
Tony Parker,2.135463418,-1.457840989,2.704350339,2.833614144,3.04716333,0.115445688,1.275315868,4.620306458,2.180388044,-0.273273861,3.249275184,0.238839521
Tony Snell,-0.021301381,0.025267779,-0.060589736,0.160336985,0.016330084,-0.483015976,-0.211127981,-0.314933902,-0.256171474,-0.2945751,-0.235013911,-0.154671818
Torrey Craig,0.218339152,-0.271353975,-0.982236428,-0.899311431,-0.790412111,-0.592825455,-0.707790105,-0.59226346,-0.733200125,-0.543089558,-0.720168089,-0.744938828
Travis Wear,0.218339152,0.91513304,-0.751824755,-0.805907772,-0.762033719,-0.609296877,-0.689368971,-0.575409177,-0.713204912,-0.539539351,-0.720168089,-0.941694498
Treveon Graham,-0.500582447,-0.271353975,-0.751824755,-0.735049823,-0.726534549,-0.580014349,-0.701413559,-0.56161931,-0.656075732,-0.585692036,-0.676063163,-0.69574991
Trevor Ariza,1.416541818,0.321889533,2.01311532,2.009085285,2.055699792,1.090919899,1.747888816,0.885550675,3.300119968,0.450968273,2.375997664,1.81288488
Trevor Booker,0.937260752,0.321889533,0.630645283,0.688550785,0.282207346,1.217200801,0.578855285,-0.177801331,0.246565308,0.387064555,0.444201938,0.583161944
Trey Burke,-0.260941914,-1.754462743,-0.060589736,-0.049016046,-0.080952302,-0.472035028,-0.389671284,0.263474429,-0.261884392,-0.468535221,-0.455538537,-0.843316663
Trey Lyles,-0.979863513,0.91513304,-0.521413082,-0.303460498,-0.444635537,-0.36954618,-0.260014837,-0.443639332,-0.533247996,-0.340727785,-0.358507702,0.238839521
Trey McKinney-Jones,0.218339152,-0.567975728,-0.982236428,-1.021702434,-0.856174585,-0.666031775,-0.769430055,-0.611416054,-0.767477633,-0.596342656,-0.755452029,-1.138450168
Tristan Thompson,-0.021301381,0.618511286,0.40023361,0.646680179,0.657200051,2.474519343,1.116610709,-0.291184686,-0.036224132,0.756286035,0.426559968,0.337217356
Troy Daniels,-0.021301381,-0.864597482,-0.060589736,-0.248706629,-0.463275219,-0.576354033,-0.576716649,-0.502629321,-0.587520717,-0.550189971,-0.640779223,-0.744938828
Troy Williams,-0.74022298,0.025267779,-0.751824755,-0.860661641,-0.765803542,-0.598315929,-0.702122064,-0.5800058,-0.633224061,-0.546639764,-0.658421193,-0.597372075
Tyler Cavanaugh,-0.74022298,0.618511286,-0.982236428,-0.899311431,-0.802035733,-0.583674665,-0.711332631,-0.590731252,-0.741769502,-0.58214183,-0.728989074,-0.843316663
Tyler Dorsey,-1.219504046,-0.567975728,-0.982236428,-0.844557562,-0.754284637,-0.634919089,-0.689368971,-0.550893857,-0.71891783,-0.578591623,-0.720168089,-0.744938828
Tyler Ennis,-0.74022298,-1.161219235,-0.291001409,-0.425851501,-0.611659654,-0.578184191,-0.626312011,-0.336384807,-0.487544652,-0.532438938,-0.596674298,-0.646560993
Tyler Johnson,-0.260941914,-0.864597482,-0.291001409,-0.338889473,-0.259809476,-0.435431868,-0.340784427,-0.213808207,-0.193329376,-0.237771796,-0.173267016,1.320995706
Tyler Lydon,-1.219504046,0.91513304,-0.982236428,-1.021702434,-0.856069867,-0.666031775,-0.769430055,-0.611416054,-0.767477633,-0.596342656,-0.755452029,-1.138450168
Tyler Ulis,-0.979863513,-2.644328004,-0.751824755,-0.599775557,-0.565060449,-0.585504823,-0.64260763,-0.20001834,-0.430415472,-0.553740177,-0.676063163,-0.69574991
Tyler Zeller,0.457979686,1.508376547,0.169821937,0.282727987,-0.106817479,0.474156655,0.058812489,-0.333320392,-0.473262357,0.2486065,-0.164446031,-0.400616406
Tyreke Evans,0.457979686,-0.271353975,0.861056956,0.666005074,0.907160282,0.188652008,0.684422555,1.44633862,1.163488644,0.127899478,0.250140267,-0.105482901
Tyrone Wallace,-0.74022298,-0.567975728,-0.982236428,-0.928298774,-0.767164867,-0.627598457,-0.709915621,-0.557022687,-0.69035324,-0.550189971,-0.711347104,-0.646560993
Tyson Chandler,2.135463418,1.804998301,2.704350339,2.450337057,2.340007302,5.578467301,3.964801496,0.096463812,0.954967137,4.033126669,3.134602378,-0.105482901
Tyus Jones,-1.219504046,-1.457840989,-0.521413082,-0.448397212,-0.561604778,-0.605636561,-0.618518454,-0.231428593,-0.270453769,-0.546639764,-0.570211343,-0.253049653
Udonis Haslem,2.614744484,0.321889533,2.243526993,1.693445332,1.3892788,2.267711489,2.141109186,-0.055224731,0.43794806,0.287658772,1.67031886,-0.990883415
Vander Blue,-0.260941914,-0.864597482,-0.521413082,-0.992715091,-0.842247182,-0.662371459,-0.761636498,-0.602222809,-0.756051797,-0.596342656,-0.755452029,-1.138450168
Victor Oladipo,-0.260941914,-0.864597482,-0.060589736,0.153895353,0.422633266,-0.248755752,0.243023834,0.463427508,1.00352694,0.071096173,0.461843908,1.960451633
Vince Carter,3.573306617,-0.271353975,3.395585358,3.500323026,3.768142044,2.278692437,2.545665639,2.89657302,3.411521868,2.37163001,3.081676468,0.337217356
Vince Hunter,-0.74022298,0.321889533,-0.982236428,-1.012039986,-0.855546281,-0.662371459,-0.76872155,-0.611416054,-0.767477633,-0.592792449,-0.755452029,-1.138450168
Wade Baldwin,-1.219504046,-0.864597482,-0.751824755,-0.896090615,-0.805491404,-0.644069879,-0.739672838,-0.560853206,-0.710348453,-0.567941004,-0.702526119,-0.843316663
"Walt Lemon, Jr.",-0.260941914,-1.161219235,-0.982236428,-1.00881917,-0.852614196,-0.666031775,-0.768013045,-0.607585535,-0.767477633,-0.592792449,-0.755452029,-1.138450168
Wayne Ellington,0.937260752,-0.864597482,0.861056956,0.881799736,0.444623902,-0.303660492,0.01771919,-0.121875757,0.1008859,-0.447233981,-0.270297851,0.386406274
Wayne Selden,-0.74022298,-0.567975728,-0.751824755,-0.867103273,-0.759101634,-0.634919089,-0.730462271,-0.550893857,-0.698922617,-0.575041417,-0.720168089,-0.941694498
Wesley Iwundu,-0.74022298,0.025267779,-0.982236428,-0.825232667,-0.749467641,-0.600146087,-0.697871033,-0.56774814,-0.673214486,-0.553740177,-0.693705134,-0.449805323
Wesley Johnson,0.937260752,0.025267779,0.630645283,0.814162603,0.498553319,-0.071230427,0.312457341,-0.134899521,0.529354748,0.788237894,0.144288446,0.288028439
Wesley Matthews,1.176901285,-0.567975728,0.861056956,1.084711135,1.393886362,-0.023646319,0.448490333,0.494837762,1.334876183,-0.138366013,0.673547549,0.681539779
Will Barton,0.218339152,-0.271353975,0.169821937,0.247299013,0.086700119,-0.181039907,0.12328646,0.087270567,0.066608392,-0.049610849,-0.173267016,0.140461687
Willie Cauley-Stein,-0.500582447,1.508376547,-0.521413082,-0.335668657,-0.345572957,-0.025476477,-0.166492155,-0.39001207,-0.259027933,0.032043901,-0.305581791,0.681539779
Willie Reed,0.218339152,0.91513304,-0.521413082,-0.53535924,-0.658887163,-0.276208122,-0.512951183,-0.576175281,-0.673214486,-0.244872209,-0.552569373,-0.154671818
Willy Hernangomez,-0.74022298,1.211754794,-0.751824755,-0.638425347,-0.665798506,-0.243265278,-0.447768708,-0.51258867,-0.598946553,-0.411731916,-0.552569373,-0.007105066
Wilson Chandler,0.937260752,0.321889533,1.091468629,0.875358105,1.068006078,0.627889927,1.006792408,0.219040412,0.457943273,0.756286035,0.285424207,-0.007105066
Xavier Munford,-0.260941914,-1.457840989,-0.751824755,-0.960506933,-0.828529214,-0.658711143,-0.74959191,-0.591497356,-0.727487207,-0.585692036,-0.737810059,-1.040072333
Xavier Rathan-Mayes,-0.74022298,-0.864597482,-0.982236428,-1.00881917,-0.843922659,-0.666031775,-0.765887529,-0.597626186,-0.750338879,-0.585692036,-0.746631044,-1.040072333
Xavier Silas,0.937260752,-0.567975728,-0.751824755,-1.012039986,-0.851462306,-0.660541301,-0.76730454,-0.609117742,-0.764621174,-0.596342656,-0.755452029,-1.138450168
Yogi Ferrell,-0.500582447,-2.051084496,-0.751824755,-0.61265882,-0.491967763,-0.581844507,-0.546959432,-0.325659355,-0.46469298,-0.532438938,-0.534927403,0.091272769
Zach Collins,-1.45914458,1.508376547,-0.982236428,-0.812349403,-0.746849708,-0.583674665,-0.644733145,-0.571578658,-0.71891783,-0.486286253,-0.640779223,0.140461687
Zach LaVine,-0.979863513,-0.567975728,-0.291001409,-0.284135603,-0.165040306,-0.51595882,-0.33440788,-0.046031486,-0.230463343,-0.450784188,-0.614316268,-0.69574991
Zach Randolph,2.375103951,0.618511286,2.704350339,2.569507244,2.768615272,5.335056287,4.139802273,0.958330531,1.614809164,0.472269512,2.517133424,0.632350861
Zaza Pachulia,1.656182351,1.211754794,2.243526993,2.292517081,1.38069198,3.475615765,1.913679026,0.41669518,1.337732642,0.685281904,1.485078174,0.779917614
Zhou Qi,-0.979863513,1.804998301,-0.982236428,-0.966948564,-0.843294355,-0.655050827,-0.758093972,-0.609883846,-0.761764715,-0.546639764,-0.737810059,-0.941694498